Safra,Limiar_Class,Limiar_Reg_Dias,VP,FN,Recall,Erro_Medio,Abs_Erro
2013,0.7,30,112,0,100.0,-23.5,23.5
2013,0.66,30,112,0,100.0,-23.8,23.8
2013,0.65,30,112,0,100.0,-24.1,24.1
2013,0.6,30,112,0,100.0,-25.5,25.5
2013,0.7,40,112,0,100.0,-25.7,25.7
2013,0.7,999,112,0,100.0,-26.2,26.2
2013,0.66,40,112,0,100.0,-26.4,26.4
2013,0.5,30,112,0,100.0,-26.7,26.7
2013,0.66,999,112,0,100.0,-26.7,26.7
2013,0.65,40,112,0,100.0,-26.9,26.9
2013,0.65,999,112,0,100.0,-27.2,27.2
2013,0.6,40,112,0,100.0,-28.8,28.8
2013,0.6,999,112,0,100.0,-29.6,29.6
2013,0.5,40,112,0,100.0,-30.7,30.7
2013,0.5,999,112,0,100.0,-31.9,31.9
2013,0.75,30,111,1,99.11,-22.4,22.4
2013,0.75,40,111,1,99.11,-24.4,24.4
2013,0.75,999,111,1,99.11,-24.8,24.8
2021,0.5,25,99,1,99.0,-23.6,23.6
2021,0.5,30,99,1,99.0,-27.6,27.6
2021,0.5,40,99,1,99.0,-32.0,32.0
2021,0.5,999,99,1,99.0,-32.8,32.8
2020,0.5,30,70,1,98.59,-25.7,25.7
2020,0.5,40,70,1,98.59,-30.3,30.3
2020,0.5,999,70,1,98.59,-31.8,31.8
2013,0.6,25,110,2,98.21,-22.9,22.9
2013,0.5,25,110,2,98.21,-23.6,23.6
2021,0.5,20,98,2,98.0,-18.5,18.5
2013,0.7,25,109,3,97.32,-21.3,21.3
2013,0.66,25,109,3,97.32,-22.1,22.1
2013,0.65,25,109,3,97.32,-22.2,22.2
2020,0.5,25,69,2,97.18,-22.4,22.4
2021,0.66,25,97,3,97.0,-20.0,20.0
2021,0.65,25,97,3,97.0,-20.6,20.6
2021,0.6,25,97,3,97.0,-21.8,21.8
2021,0.66,30,97,3,97.0,-23.6,23.6
2021,0.65,30,97,3,97.0,-24.1,24.1
2021,0.6,30,97,3,97.0,-25.4,25.4
2021,0.66,40,97,3,97.0,-26.5,26.5
2021,0.66,999,97,3,97.0,-26.8,26.8
2021,0.65,40,97,3,97.0,-27.0,27.0
2021,0.65,999,97,3,97.0,-27.4,27.4
2021,0.6,40,97,3,97.0,-29.2,29.2
2021,0.6,999,97,3,97.0,-29.6,29.6
2013,0.75,25,108,4,96.43,-20.3,20.3
2021,0.5,15,96,4,96.0,-13.5,13.5
2021,0.7,30,96,4,96.0,-22.4,22.4
2021,0.7,40,96,4,96.0,-24.8,24.8
2021,0.7,999,96,4,96.0,-25.2,25.2
2020,0.6,30,68,3,95.77,-23.7,23.7
2020,0.6,40,68,3,95.77,-28.0,28.0
2020,0.6,999,68,3,95.77,-28.6,28.6
2013,0.8,30,107,5,95.54,-21.3,21.3
2013,0.8,40,107,5,95.54,-22.8,22.8
2013,0.8,999,107,5,95.54,-23.1,23.1
2021,0.65,15,95,5,95.0,-13.1,13.1
2021,0.66,15,95,5,95.0,-13.1,13.1
2021,0.6,15,95,5,95.0,-13.4,13.4
2021,0.66,20,95,5,95.0,-16.2,16.2
2021,0.65,20,95,5,95.0,-16.3,16.3
2021,0.6,20,95,5,95.0,-17.3,17.3
2021,0.7,25,95,5,95.0,-18.9,18.9
2013,0.65,15,106,6,94.64,-13.5,13.5
2013,0.66,15,106,6,94.64,-13.5,13.5
2013,0.6,15,106,6,94.64,-14.2,14.2
2013,0.5,15,106,6,94.64,-14.7,14.7
2013,0.75,20,106,6,94.64,-17.4,17.4
2013,0.7,20,106,6,94.64,-17.8,17.8
2013,0.65,20,106,6,94.64,-18.5,18.5
2013,0.66,20,106,6,94.64,-18.5,18.5
2013,0.6,20,106,6,94.64,-19.5,19.5
2013,0.5,20,106,6,94.64,-20.3,20.3
2011,0.5,40,274,16,94.48,-30.7,30.7
2011,0.5,999,274,16,94.48,-32.5,32.5
2020,0.5,20,67,4,94.37,-18.3,18.3
2020,0.6,25,67,4,94.37,-21.4,21.4
2021,0.7,15,94,6,94.0,-12.7,12.7
2021,0.75,20,94,6,94.0,-15.4,15.4
2021,0.7,20,94,6,94.0,-15.7,15.7
2021,0.75,25,94,6,94.0,-17.5,17.5
2021,0.75,30,94,6,94.0,-20.6,20.6
2021,0.75,40,94,6,94.0,-22.6,22.6
2021,0.75,999,94,6,94.0,-23.0,23.0
2013,0.75,15,105,7,93.75,-12.6,12.6
2013,0.7,15,105,7,93.75,-13.1,13.1
2011,0.5,30,271,19,93.45,-27.0,27.0
2014,0.6,30,70,5,93.33,-20.2,20.2
2014,0.6,40,70,5,93.33,-20.7,20.7
2014,0.6,999,70,5,93.33,-21.0,21.0
2014,0.5,30,70,5,93.33,-23.5,23.5
2014,0.5,40,70,5,93.33,-24.3,24.3
2014,0.5,999,70,5,93.33,-24.6,24.6
2021,0.75,15,93,7,93.0,-12.7,12.7
2018,0.5,30,104,9,92.04,-21.8,21.8
2018,0.5,40,104,9,92.04,-23.2,23.2
2018,0.5,999,104,9,92.04,-23.2,23.2
2021,0.65,10,92,8,92.0,-8.1,8.1
2021,0.66,10,92,8,92.0,-8.1,8.1
2021,0.7,10,92,8,92.0,-8.1,8.1
2021,0.6,10,92,8,92.0,-8.2,8.2
2021,0.5,10,92,8,92.0,-8.3,8.3
2021,0.8,15,92,8,92.0,-12.5,12.5
2014,0.6,20,69,6,92.0,-13.9,13.9
2014,0.5,20,69,6,92.0,-15.5,15.5
2021,0.8,20,92,8,92.0,-15.5,15.5
2014,0.6,25,69,6,92.0,-17.0,17.0
2021,0.8,25,92,8,92.0,-17.2,17.2
2021,0.8,30,92,8,92.0,-18.7,18.7
2014,0.5,25,69,6,92.0,-19.8,19.8
2021,0.8,40,92,8,92.0,-20.0,20.0
2021,0.8,999,92,8,92.0,-20.4,20.4
2013,0.8,25,103,9,91.96,-19.8,19.8
2011,0.6,40,266,24,91.72,-29.8,29.8
2011,0.6,999,266,24,91.72,-31.5,31.5
2020,0.6,20,65,6,91.55,-17.7,17.7
2020,0.75,30,65,6,91.55,-19.9,19.9
2020,0.75,40,65,6,91.55,-21.3,21.3
2020,0.7,30,65,6,91.55,-21.5,21.5
2020,0.75,999,65,6,91.55,-21.5,21.5
2020,0.66,30,65,6,91.55,-22.2,22.2
2020,0.65,30,65,6,91.55,-22.6,22.6
2020,0.7,40,65,6,91.55,-23.1,23.1
2020,0.7,999,65,6,91.55,-23.4,23.4
2020,0.66,40,65,6,91.55,-26.6,26.6
2020,0.66,999,65,6,91.55,-27.1,27.1
2020,0.65,40,65,6,91.55,-27.7,27.7
2020,0.65,999,65,6,91.55,-28.2,28.2
2018,0.6,30,103,10,91.15,-18.1,18.1
2018,0.6,40,103,10,91.15,-18.9,18.9
2018,0.6,999,103,10,91.15,-18.9,18.9
2011,0.6,30,264,26,91.03,-26.4,26.4
2014,0.5,15,68,7,90.67,-11.4,11.4
2008,0.5,40,938,97,90.63,-28.2,28.2
2008,0.5,999,938,97,90.63,-29.1,29.1
2020,0.5,15,64,7,90.14,-13.9,13.9
2020,0.7,25,64,7,90.14,-19.6,19.6
2020,0.66,25,64,7,90.14,-20.4,20.4
2020,0.65,25,64,7,90.14,-20.8,20.8
2008,0.5,30,933,102,90.14,-24.9,24.9
2021,0.85,15,90,10,90.0,-11.8,11.8
2021,0.85,20,90,10,90.0,-14.1,14.1
2021,0.85,25,90,10,90.0,-16.0,16.0
2021,0.85,30,90,10,90.0,-16.8,16.8
2021,0.85,40,90,10,90.0,-17.6,17.6
2021,0.85,999,90,10,90.0,-17.7,17.7
2011,0.5,25,260,30,89.66,-23.1,23.1
2018,0.65,30,101,12,89.38,-16.2,16.2
2018,0.6,25,101,12,89.38,-16.4,16.4
2018,0.65,40,101,12,89.38,-17.0,17.0
2018,0.65,999,101,12,89.38,-17.0,17.0
2018,0.5,25,101,12,89.38,-18.9,18.9
2008,0.5,25,925,110,89.37,-19.7,19.7
2014,0.65,30,67,8,89.33,-19.6,19.6
2014,0.66,30,67,8,89.33,-19.6,19.6
2014,0.66,40,67,8,89.33,-19.9,19.9
2014,0.65,40,67,8,89.33,-20.1,20.1
2014,0.66,999,67,8,89.33,-20.1,20.1
2014,0.65,999,67,8,89.33,-20.3,20.3
2013,0.8,15,100,12,89.29,-12.2,12.2
2013,0.8,20,100,12,89.29,-16.3,16.3
2013,0.85,30,100,12,89.29,-19.9,19.9
2013,0.85,40,100,12,89.29,-20.4,20.4
2013,0.85,999,100,12,89.29,-20.9,20.9
2009,0.5,40,1361,165,89.19,-20.8,20.8
2009,0.5,999,1361,165,89.19,-21.7,21.7
2021,0.75,10,89,11,89.0,-8.3,8.3
2021,0.8,10,89,11,89.0,-8.3,8.3
2021,0.85,10,89,11,89.0,-8.3,8.3
2011,0.65,40,258,32,88.97,-29.4,29.4
2011,0.65,999,258,32,88.97,-31.0,31.0
2009,0.5,30,1354,172,88.73,-18.6,18.6
2020,0.75,25,63,8,88.73,-18.9,18.9
2020,0.8,30,63,8,88.73,-19.0,19.0
2020,0.8,40,63,8,88.73,-19.9,19.9
2020,0.8,999,63,8,88.73,-19.9,19.9
2011,0.65,30,257,33,88.62,-25.8,25.8
2018,0.66,30,100,13,88.5,-15.9,15.9
2018,0.66,40,100,13,88.5,-16.7,16.7
2018,0.66,999,100,13,88.5,-16.7,16.7
2013,0.85,25,99,13,88.39,-18.1,18.1
2011,0.6,25,256,34,88.28,-22.1,22.1
2014,0.6,15,66,9,88.0,-10.6,10.6
2014,0.66,20,66,9,88.0,-12.6,12.6
2014,0.65,20,66,9,88.0,-13.1,13.1
2014,0.66,25,66,9,88.0,-15.7,15.7
2014,0.65,25,66,9,88.0,-15.8,15.8
2011,0.66,40,255,35,87.93,-29.6,29.6
2011,0.66,999,255,35,87.93,-31.2,31.2
2008,0.5,20,909,126,87.83,-16.2,16.2
2009,0.5,25,1338,188,87.68,-15.0,15.0
2018,0.6,20,99,14,87.61,-14.2,14.2
2018,0.66,25,99,14,87.61,-14.6,14.6
2018,0.65,25,99,14,87.61,-14.9,14.9
2018,0.7,30,99,14,87.61,-14.9,14.9
2018,0.7,40,99,14,87.61,-15.6,15.6
2018,0.7,999,99,14,87.61,-15.6,15.6
2018,0.5,20,99,14,87.61,-16.0,16.0
2008,0.6,40,906,129,87.54,-25.6,25.6
2008,0.6,999,906,129,87.54,-26.2,26.2
2013,0.85,15,98,14,87.5,-11.3,11.3
2013,0.85,20,98,14,87.5,-14.6,14.6
2020,0.75,20,62,9,87.32,-16.5,16.5
2020,0.7,20,62,9,87.32,-16.6,16.6
2020,0.66,20,62,9,87.32,-17.3,17.3
2020,0.65,20,62,9,87.32,-17.6,17.6
2011,0.66,30,253,37,87.24,-26.1,26.1
2008,0.6,30,901,134,87.05,-22.4,22.4
2011,0.65,25,252,38,86.9,-21.5,21.5
2018,0.7,25,98,15,86.73,-13.4,13.4
2014,0.7,15,65,10,86.67,-9.1,9.1
2014,0.66,15,65,10,86.67,-9.3,9.3
2014,0.65,15,65,10,86.67,-9.5,9.5
2014,0.7,20,65,10,86.67,-11.2,11.2
2014,0.7,25,65,10,86.67,-13.5,13.5
2014,0.7,30,65,10,86.67,-17.3,17.3
2014,0.7,40,65,10,86.67,-17.5,17.5
2014,0.7,999,65,10,86.67,-17.8,17.8
2013,0.65,10,97,15,86.61,-8.1,8.1
2013,0.66,10,97,15,86.61,-8.1,8.1
2013,0.6,10,97,15,86.61,-8.3,8.3
2013,0.5,10,97,15,86.61,-8.8,8.8
2011,0.7,40,251,39,86.55,-28.6,28.6
2011,0.7,999,251,39,86.55,-30.0,30.0
2008,0.6,25,893,142,86.28,-18.0,18.0
2011,0.6,20,250,40,86.21,-18.3,18.3
2011,0.5,20,250,40,86.21,-19.0,19.0
2019,0.5,40,50,8,86.21,-21.2,21.2
2011,0.66,25,250,40,86.21,-21.4,21.4
2019,0.5,999,50,8,86.21,-23.1,23.1
2008,0.66,40,891,144,86.09,-23.6,23.6
2008,0.65,40,891,144,86.09,-23.9,23.9
2008,0.66,999,891,144,86.09,-24.0,24.0
2008,0.65,999,891,144,86.09,-24.5,24.5
2020,0.6,15,61,10,85.92,-13.8,13.8
2020,0.8,20,61,10,85.92,-16.0,16.0
2020,0.8,25,61,10,85.92,-17.6,17.6
2011,0.7,30,249,41,85.86,-25.2,25.2
2016,0.5,30,91,15,85.85,-18.9,18.9
2016,0.5,40,91,15,85.85,-20.5,20.5
2016,0.5,999,91,15,85.85,-20.8,20.8
2018,0.66,20,97,16,85.84,-12.6,12.6
2018,0.65,20,97,16,85.84,-12.8,12.8
2013,0.75,10,96,16,85.71,-7.7,7.7
2013,0.7,10,96,16,85.71,-7.8,7.8
2011,0.75,40,248,42,85.52,-25.8,25.8
2011,0.75,999,248,42,85.52,-26.5,26.5
2008,0.66,30,885,150,85.51,-20.7,20.7
2008,0.65,30,885,150,85.51,-21.1,21.1
2009,0.5,20,1303,223,85.39,-12.5,12.5
2014,0.8,15,64,11,85.33,-8.2,8.2
2014,0.75,15,64,11,85.33,-8.3,8.3
2014,0.8,20,64,11,85.33,-9.2,9.2
2014,0.75,20,64,11,85.33,-10.1,10.1
2014,0.8,25,64,11,85.33,-10.9,10.9
2014,0.8,30,64,11,85.33,-11.0,11.0
2014,0.8,40,64,11,85.33,-11.0,11.0
2014,0.8,999,64,11,85.33,-11.0,11.0
2014,0.75,25,64,11,85.33,-11.9,11.9
2014,0.75,30,64,11,85.33,-12.1,12.1
2014,0.75,40,64,11,85.33,-12.7,12.7
2014,0.75,999,64,11,85.33,-13.0,13.0
2009,0.6,40,1301,225,85.26,-17.0,17.0
2009,0.6,999,1301,225,85.26,-17.7,17.7
2011,0.66,20,247,43,85.17,-17.7,17.7
2011,0.65,20,247,43,85.17,-17.9,17.9
2011,0.75,30,247,43,85.17,-23.3,23.3
2009,0.6,30,1297,229,84.99,-15.8,15.8
2018,0.7,20,96,17,84.96,-12.1,12.1
2018,0.75,30,96,17,84.96,-12.7,12.7
2018,0.75,40,96,17,84.96,-13.5,13.5
2018,0.75,999,96,17,84.96,-13.5,13.5
2017,0.5,20,79,14,84.95,-15.0,15.0
2017,0.5,25,79,14,84.95,-18.0,18.0
2017,0.5,30,79,14,84.95,-19.7,19.7
2017,0.5,40,79,14,84.95,-21.2,21.2
2017,0.5,999,79,14,84.95,-21.3,21.3
2008,0.66,25,878,157,84.83,-16.3,16.3
2008,0.65,25,878,157,84.83,-17.0,17.0
2011,0.8,30,246,44,84.83,-20.3,20.3
2011,0.8,40,246,44,84.83,-22.4,22.4
2011,0.8,999,246,44,84.83,-22.9,22.9
2008,0.6,20,877,158,84.73,-14.1,14.1
2009,0.6,25,1290,236,84.53,-13.2,13.2
2019,0.5,25,49,9,84.48,-15.3,15.3
2019,0.5,30,49,9,84.48,-19.0,19.0
2011,0.7,25,245,45,84.48,-20.9,20.9
2008,0.5,15,871,164,84.15,-11.8,11.8
2011,0.75,25,244,46,84.14,-19.2,19.2
2018,0.75,25,95,18,84.07,-11.5,11.5
2018,0.5,15,95,18,84.07,-12.1,12.1
2014,0.8,10,63,12,84.0,-6.6,6.6
2014,0.85,10,63,12,84.0,-6.6,6.6
2014,0.5,10,63,12,84.0,-6.9,6.9
2014,0.6,10,63,12,84.0,-6.9,6.9
2014,0.65,10,63,12,84.0,-6.9,6.9
2014,0.66,10,63,12,84.0,-6.9,6.9
2014,0.7,10,63,12,84.0,-6.9,6.9
2014,0.75,10,63,12,84.0,-6.9,6.9
2014,0.85,15,63,12,84.0,-7.2,7.2
2014,0.85,20,63,12,84.0,-8.0,8.0
2014,0.85,25,63,12,84.0,-9.0,9.0
2014,0.85,30,63,12,84.0,-9.1,9.1
2014,0.85,40,63,12,84.0,-9.1,9.1
2014,0.85,999,63,12,84.0,-9.1,9.1
2016,0.5,25,89,17,83.96,-16.8,16.8
2009,0.65,40,1281,245,83.94,-15.7,15.7
2009,0.65,999,1281,245,83.94,-16.3,16.3
2017,0.5,15,78,15,83.87,-11.9,11.9
2011,0.7,20,243,47,83.79,-17.3,17.3
2008,0.7,40,867,168,83.77,-21.8,21.8
2008,0.7,999,867,168,83.77,-22.2,22.2
2009,0.66,40,1278,248,83.75,-15.4,15.4
2009,0.66,999,1278,248,83.75,-16.0,16.0
2009,0.65,30,1277,249,83.68,-14.8,14.8
2009,0.5,15,1276,250,83.62,-10.4,10.4
2009,0.66,30,1274,252,83.49,-14.5,14.5
2008,0.66,20,864,171,83.48,-12.9,12.9
2008,0.65,20,864,171,83.48,-13.3,13.3
2008,0.7,30,864,171,83.48,-19.5,19.5
2011,0.75,20,242,48,83.45,-16.4,16.4
2011,0.8,25,242,48,83.45,-17.4,17.4
2011,0.85,30,242,48,83.45,-18.8,18.8
2011,0.85,40,242,48,83.45,-20.0,20.0
2011,0.85,999,242,48,83.45,-20.5,20.5
2009,0.6,20,1271,255,83.29,-11.4,11.4
2009,0.65,25,1270,256,83.22,-12.3,12.3
2018,0.6,15,94,19,83.19,-11.0,11.0
2018,0.8,30,94,19,83.19,-11.0,11.0
2018,0.8,40,94,19,83.19,-11.6,11.6
2018,0.8,999,94,19,83.19,-11.6,11.6
2007,0.5,40,552,112,83.13,-19.1,19.1
2007,0.5,999,552,112,83.13,-19.3,19.3
2020,0.8,15,59,12,83.1,-12.7,12.7
2020,0.75,15,59,12,83.1,-13.3,13.3
2020,0.7,15,59,12,83.1,-13.6,13.6
2020,0.66,15,59,12,83.1,-13.7,13.7
2011,0.6,15,241,49,83.1,-13.8,13.8
2020,0.65,15,59,12,83.1,-13.9,13.9
2011,0.5,15,241,49,83.1,-14.2,14.2
2020,0.85,20,59,12,83.1,-15.8,15.8
2020,0.85,25,59,12,83.1,-17.4,17.4
2020,0.85,30,59,12,83.1,-18.4,18.4
2020,0.85,40,59,12,83.1,-18.9,18.9
2020,0.85,999,59,12,83.1,-18.9,18.9
2009,0.66,25,1268,258,83.09,-12.2,12.2
2008,0.7,25,859,176,83.0,-15.5,15.5
2007,0.5,30,551,113,82.98,-17.6,17.6
2009,0.7,40,1263,263,82.77,-13.9,13.9
2009,0.7,999,1263,263,82.77,-14.4,14.4
2011,0.66,15,240,50,82.76,-13.1,13.1
2011,0.65,15,240,50,82.76,-13.4,13.4
2009,0.7,30,1261,265,82.63,-13.4,13.4
2011,0.8,20,239,51,82.41,-14.8,14.8
2009,0.6,15,1257,269,82.37,-9.7,9.7
2018,0.8,25,93,20,82.3,-10.6,10.6
2009,0.65,20,1255,271,82.24,-10.7,10.7
2009,0.66,20,1255,271,82.24,-10.7,10.7
2009,0.7,25,1254,272,82.18,-11.7,11.7
2013,0.8,10,92,20,82.14,-7.7,7.7
2011,0.85,25,238,52,82.07,-15.9,15.9
2008,0.6,15,849,186,82.03,-10.6,10.6
2008,0.7,20,849,186,82.03,-12.4,12.4
2007,0.5,25,543,121,81.78,-15.7,15.7
2008,0.65,15,846,189,81.74,-10.1,10.1
2008,0.66,15,846,189,81.74,-10.1,10.1
2009,0.7,20,1246,280,81.65,-10.4,10.4
2009,0.75,40,1245,281,81.59,-12.5,12.5
2009,0.75,999,1245,281,81.59,-13.0,13.0
2010,0.5,30,216,49,81.51,-18.8,18.8
2010,0.5,40,216,49,81.51,-19.5,19.5
2010,0.5,999,216,49,81.51,-19.5,19.5
2009,0.75,30,1243,283,81.45,-12.2,12.2
2018,0.66,15,92,21,81.42,-10.6,10.6
2018,0.65,15,92,21,81.42,-10.7,10.7
2011,0.7,15,236,54,81.38,-13.0,13.0
2008,0.75,40,842,193,81.35,-19.9,19.9
2008,0.75,999,842,193,81.35,-20.2,20.2
2009,0.5,10,1241,285,81.32,-7.5,7.5
2009,0.65,15,1241,285,81.32,-9.6,9.6
2009,0.66,15,1241,285,81.32,-9.6,9.6
2008,0.75,30,841,194,81.26,-18.4,18.4
2013,0.85,10,91,21,81.25,-7.4,7.4
2009,0.75,25,1239,287,81.19,-11.1,11.1
2011,0.8,15,235,55,81.03,-11.8,11.8
2011,0.75,15,235,55,81.03,-12.5,12.5
2011,0.85,20,235,55,81.03,-13.9,13.9
2008,0.7,15,838,197,80.97,-9.7,9.7
2009,0.7,15,1235,291,80.93,-9.4,9.4
2008,0.75,25,837,198,80.87,-13.9,13.9
2009,0.75,20,1233,293,80.8,-10.1,10.1
2017,0.6,20,75,18,80.65,-14.9,14.9
2017,0.6,25,75,18,80.65,-17.8,17.8
2017,0.6,30,75,18,80.65,-18.6,18.6
2017,0.6,40,75,18,80.65,-19.7,19.7
2017,0.6,999,75,18,80.65,-19.7,19.7
2009,0.8,30,1230,296,80.6,-11.7,11.7
2009,0.8,40,1230,296,80.6,-11.9,11.9
2009,0.8,999,1230,296,80.6,-12.3,12.3
2018,0.8,20,91,22,80.53,-9.6,9.6
2018,0.7,15,91,22,80.53,-10.0,10.0
2018,0.75,20,91,22,80.53,-10.4,10.4
2009,0.8,25,1227,299,80.41,-10.9,10.9
2008,0.5,10,832,203,80.39,-7.0,7.0
2008,0.75,20,832,203,80.39,-11.8,11.8
2020,0.85,15,57,14,80.28,-12.5,12.5
2009,0.8,20,1223,303,80.14,-10.0,10.0
2009,0.85,30,1222,304,80.08,-10.8,10.8
2009,0.85,40,1222,304,80.08,-11.0,11.0
2009,0.85,999,1222,304,80.08,-11.0,11.0
2009,0.75,15,1221,305,80.01,-9.3,9.3
2011,0.85,15,232,58,80.0,-11.1,11.1
2012,0.5,20,16,4,80.0,-13.4,13.4
2012,0.5,25,16,4,80.0,-15.5,15.5
2012,0.5,30,16,4,80.0,-17.4,17.4
2012,0.5,40,16,4,80.0,-21.2,21.2
2012,0.5,999,16,4,80.0,-21.2,21.2
2007,0.5,20,531,133,79.97,-13.5,13.5
2009,0.6,10,1219,307,79.88,-7.5,7.5
2009,0.85,25,1219,307,79.88,-10.4,10.4
2009,0.85,20,1218,308,79.82,-10.0,10.0
2015,0.5,40,71,18,79.78,-16.8,16.8
2015,0.5,999,71,18,79.78,-17.1,17.1
2018,0.85,30,90,23,79.65,-9.6,9.6
2018,0.85,40,90,23,79.65,-10.3,10.3
2018,0.85,999,90,23,79.65,-10.3,10.3
2008,0.75,15,824,211,79.61,-9.4,9.4
2017,0.6,15,74,19,79.57,-12.2,12.2
2017,0.66,20,74,19,79.57,-13.9,13.9
2017,0.65,20,74,19,79.57,-14.0,14.0
2017,0.66,25,74,19,79.57,-16.8,16.8
2017,0.65,25,74,19,79.57,-16.9,16.9
2017,0.66,30,74,19,79.57,-17.4,17.4
2017,0.65,30,74,19,79.57,-17.5,17.5
2017,0.66,40,74,19,79.57,-18.1,18.1
2017,0.65,40,74,19,79.57,-18.2,18.2
2017,0.66,999,74,19,79.57,-18.2,18.2
2017,0.65,999,74,19,79.57,-18.3,18.3
2009,0.8,15,1214,312,79.55,-9.2,9.2
2008,0.8,30,822,213,79.42,-16.4,16.4
2008,0.8,40,822,213,79.42,-17.3,17.3
2008,0.8,999,822,213,79.42,-17.5,17.5
2008,0.8,25,821,214,79.32,-12.7,12.7
2011,0.5,10,230,60,79.31,-8.7,8.7
2019,0.6,40,46,12,79.31,-20.9,20.9
2019,0.6,999,46,12,79.31,-22.3,22.3
2016,0.5,20,84,22,79.25,-14.3,14.3
2010,0.5,25,210,55,79.25,-17.4,17.4
2008,0.6,10,819,216,79.13,-6.9,6.9
2009,0.85,15,1207,319,79.1,-9.1,9.1
2021,0.5,5,79,21,79.0,-4.3,4.3
2021,0.6,5,79,21,79.0,-4.3,4.3
2021,0.65,5,79,21,79.0,-4.3,4.3
2021,0.66,5,79,21,79.0,-4.3,4.3
2021,0.7,5,79,21,79.0,-4.3,4.3
2021,0.75,5,79,21,79.0,-4.3,4.3
2021,0.8,5,79,21,79.0,-4.3,4.3
2021,0.85,5,79,21,79.0,-4.3,4.3
2011,0.6,10,229,61,78.97,-8.7,8.7
2009,0.65,10,1205,321,78.96,-7.6,7.6
2009,0.66,10,1205,321,78.96,-7.6,7.6
2008,0.8,20,817,218,78.94,-11.1,11.1
2009,0.7,10,1202,324,78.77,-7.6,7.6
2018,0.85,25,89,24,78.76,-9.3,9.3
2008,0.65,10,815,220,78.74,-6.9,6.9
2008,0.66,10,815,220,78.74,-6.9,6.9
2015,0.5,25,70,19,78.65,-14.3,14.3
2015,0.5,30,70,19,78.65,-16.0,16.0
2009,0.75,10,1198,328,78.51,-7.6,7.6
2017,0.66,15,73,20,78.49,-11.8,11.8
2017,0.65,15,73,20,78.49,-11.9,11.9
2017,0.7,20,73,20,78.49,-13.9,13.9
2017,0.7,25,73,20,78.49,-16.6,16.6
2017,0.7,30,73,20,78.49,-17.3,17.3
2017,0.7,40,73,20,78.49,-18.1,18.1
2017,0.7,999,73,20,78.49,-18.1,18.1
2008,0.85,30,812,223,78.45,-13.2,13.2
2008,0.85,40,812,223,78.45,-13.8,13.8
2008,0.85,999,812,223,78.45,-14.0,14.0
2008,0.85,25,811,224,78.36,-11.4,11.4
2011,0.65,10,227,63,78.28,-8.6,8.6
2011,0.66,10,227,63,78.28,-8.6,8.6
2009,0.8,10,1194,332,78.24,-7.6,7.6
2008,0.7,10,809,226,78.16,-6.9,6.9
2010,0.6,30,207,58,78.11,-16.5,16.5
2010,0.6,40,207,58,78.11,-16.9,16.9
2010,0.6,999,207,58,78.11,-16.9,16.9
2009,0.85,10,1190,336,77.98,-7.5,7.5
2008,0.8,15,807,228,77.97,-9.3,9.3
2011,0.7,10,226,64,77.93,-8.6,8.6
2018,0.85,20,88,25,77.88,-8.6,8.6
2018,0.8,15,88,25,77.88,-8.8,8.8
2018,0.75,15,88,25,77.88,-9.3,9.3
2008,0.85,20,806,229,77.87,-10.5,10.5
2007,0.5,15,517,147,77.86,-10.4,10.4
2008,0.75,10,804,231,77.68,-6.9,6.9
2011,0.85,10,225,65,77.59,-7.8,7.8
2011,0.8,10,225,65,77.59,-7.9,7.9
2011,0.75,10,225,65,77.59,-8.2,8.2
2019,0.6,25,45,13,77.59,-14.8,14.8
2019,0.6,30,45,13,77.59,-18.5,18.5
2020,0.5,10,55,16,77.46,-9.1,9.1
2017,0.75,15,72,21,77.42,-11.3,11.3
2017,0.7,15,72,21,77.42,-11.7,11.7
2017,0.75,20,72,21,77.42,-13.3,13.3
2017,0.75,25,72,21,77.42,-15.1,15.1
2017,0.75,30,72,21,77.42,-15.8,15.8
2017,0.75,40,72,21,77.42,-16.7,16.7
2017,0.75,999,72,21,77.42,-16.8,16.8
2008,0.85,15,800,235,77.29,-9.0,9.0
2007,0.6,40,513,151,77.26,-15.5,15.5
2007,0.6,999,513,151,77.26,-15.6,15.6
2008,0.8,10,796,239,76.91,-6.9,6.9
2007,0.6,30,509,155,76.66,-14.8,14.8
2007,0.6,25,508,156,76.51,-13.9,13.9
2015,0.5,20,68,21,76.4,-11.6,11.6
2017,0.5,10,71,22,76.34,-8.1,8.1
2008,0.85,10,789,246,76.23,-6.9,6.9
2010,0.65,30,202,63,76.23,-14.9,14.9
2010,0.65,40,202,63,76.23,-15.2,15.2
2010,0.65,999,202,63,76.23,-15.2,15.2
2010,0.6,25,202,63,76.23,-15.6,15.6
2020,0.75,10,54,17,76.06,-8.6,8.6
2020,0.8,10,54,17,76.06,-8.6,8.6
2020,0.7,10,54,17,76.06,-8.7,8.7
2020,0.66,10,54,17,76.06,-8.8,8.8
2020,0.65,10,54,17,76.06,-8.9,8.9
2020,0.6,10,54,17,76.06,-9.0,9.0
2010,0.5,20,200,65,75.47,-14.8,14.8
2016,0.6,25,80,26,75.47,-15.9,15.9
2016,0.6,30,80,26,75.47,-17.4,17.4
2016,0.6,40,80,26,75.47,-19.0,19.0
2016,0.6,999,80,26,75.47,-19.0,19.0
2017,0.8,20,70,23,75.27,-11.4,11.4
2017,0.8,25,70,23,75.27,-11.9,11.9
2017,0.8,30,70,23,75.27,-12.1,12.1
2017,0.8,40,70,23,75.27,-12.5,12.5
2017,0.8,999,70,23,75.27,-12.5,12.5
2018,0.5,10,85,28,75.22,-7.4,7.4
2018,0.85,15,85,28,75.22,-8.2,8.2
2010,0.66,30,199,66,75.09,-14.7,14.7
2010,0.66,40,199,66,75.09,-15.2,15.2
2010,0.66,999,199,66,75.09,-15.2,15.2
2012,0.6,20,15,5,75.0,-9.6,9.6
2012,0.6,25,15,5,75.0,-12.4,12.4
2012,0.6,30,15,5,75.0,-13.2,13.2
2012,0.6,40,15,5,75.0,-14.0,14.0
2012,0.6,999,15,5,75.0,-14.0,14.0
2007,0.6,20,495,169,74.55,-12.5,12.5
2016,0.66,40,79,27,74.53,-16.9,16.9
2016,0.66,999,79,27,74.53,-17.3,17.3
2016,0.65,40,79,27,74.53,-17.6,17.6
2016,0.65,999,79,27,74.53,-18.0,18.0
2008,0.5,5,770,265,74.4,-3.7,3.7
2018,0.8,10,84,29,74.34,-6.6,6.6
2018,0.75,10,84,29,74.34,-7.0,7.0
2018,0.7,10,84,29,74.34,-7.3,7.3
2018,0.6,10,84,29,74.34,-7.4,7.4
2018,0.65,10,84,29,74.34,-7.4,7.4
2018,0.66,10,84,29,74.34,-7.4,7.4
2017,0.8,15,69,24,74.19,-9.9,9.9
2019,0.5,20,43,15,74.14,-11.8,11.8
2019,0.66,25,43,15,74.14,-13.7,13.7
2019,0.65,25,43,15,74.14,-14.2,14.2
2019,0.66,30,43,15,74.14,-16.6,16.6
2019,0.65,30,43,15,74.14,-17.2,17.2
2019,0.66,40,43,15,74.14,-19.5,19.5
2019,0.65,40,43,15,74.14,-20.1,20.1
2019,0.66,999,43,15,74.14,-21.0,21.0
2019,0.65,999,43,15,74.14,-21.6,21.6
2010,0.65,25,196,69,73.96,-14.1,14.1
2007,0.65,40,490,174,73.8,-14.8,14.8
2007,0.65,999,490,174,73.8,-14.9,14.9
2008,0.6,5,763,272,73.72,-3.7,3.7
2016,0.66,30,78,28,73.58,-16.4,16.4
2016,0.65,30,78,28,73.58,-16.8,16.8
2007,0.6,15,488,176,73.49,-9.8,9.8
2018,0.85,10,83,30,73.45,-6.6,6.6
2007,0.5,10,487,177,73.34,-6.4,6.4
2008,0.65,5,759,276,73.33,-3.7,3.7
2008,0.66,5,759,276,73.33,-3.7,3.7
2020,0.85,10,52,19,73.24,-8.7,8.7
2010,0.6,20,194,71,73.21,-13.2,13.2
2007,0.65,25,486,178,73.19,-13.4,13.4
2007,0.65,30,486,178,73.19,-14.2,14.2
2008,0.7,5,757,278,73.14,-3.7,3.7
2017,0.65,10,68,25,73.12,-8.2,8.2
2017,0.66,10,68,25,73.12,-8.2,8.2
2017,0.6,10,68,25,73.12,-8.3,8.3
2008,0.75,5,756,279,73.04,-3.7,3.7
2015,0.7,40,65,24,73.03,-13.0,13.0
2015,0.7,999,65,24,73.03,-13.2,13.2
2015,0.66,40,65,24,73.03,-14.5,14.5
2015,0.65,40,65,24,73.03,-14.7,14.7
2015,0.66,999,65,24,73.03,-14.7,14.7
2015,0.65,999,65,24,73.03,-14.9,14.9
2015,0.6,40,65,24,73.03,-15.6,15.6
2015,0.6,999,65,24,73.03,-15.8,15.8
2008,0.8,5,753,282,72.75,-3.7,3.7
2016,0.66,20,77,29,72.64,-12.7,12.7
2016,0.65,20,77,29,72.64,-12.8,12.8
2016,0.6,20,77,29,72.64,-13.2,13.2
2016,0.66,25,77,29,72.64,-15.0,15.0
2016,0.65,25,77,29,72.64,-15.7,15.7
2009,0.5,5,1107,419,72.54,-4.1,4.1
2010,0.66,25,192,73,72.45,-14.0,14.0
2007,0.66,40,481,183,72.44,-14.9,14.9
2007,0.66,999,481,183,72.44,-14.9,14.9
2008,0.85,5,749,286,72.37,-3.7,3.7
2009,0.6,5,1103,423,72.28,-4.1,4.1
2017,0.75,10,67,26,72.04,-8.1,8.1
2017,0.7,10,67,26,72.04,-8.4,8.4
2014,0.5,5,54,21,72.0,-2.7,2.7
2014,0.6,5,54,21,72.0,-2.7,2.7
2014,0.65,5,54,21,72.0,-2.7,2.7
2014,0.66,5,54,21,72.0,-2.7,2.7
2014,0.7,5,54,21,72.0,-2.7,2.7
2014,0.75,5,54,21,72.0,-2.7,2.7
2014,0.8,5,54,21,72.0,-2.7,2.7
2014,0.85,5,54,21,72.0,-2.7,2.7
2015,0.7,25,64,25,71.91,-11.1,11.1
2015,0.66,25,64,25,71.91,-11.9,11.9
2015,0.65,25,64,25,71.91,-12.1,12.1
2015,0.7,30,64,25,71.91,-12.8,12.8
2015,0.6,25,64,25,71.91,-13.0,13.0
2015,0.66,30,64,25,71.91,-13.9,13.9
2015,0.65,30,64,25,71.91,-14.1,14.1
2015,0.6,30,64,25,71.91,-15.3,15.3
2007,0.65,20,477,187,71.84,-12.1,12.1
2007,0.66,25,477,187,71.84,-13.4,13.4
2007,0.66,30,477,187,71.84,-14.2,14.2
2016,0.5,15,76,30,71.7,-11.2,11.2
2016,0.7,20,76,30,71.7,-12.3,12.3
2016,0.7,25,76,30,71.7,-14.6,14.6
2016,0.75,30,76,30,71.7,-14.7,14.7
2016,0.75,40,76,30,71.7,-15.2,15.2
2016,0.75,999,76,30,71.7,-15.2,15.2
2016,0.7,30,76,30,71.7,-16.2,16.2
2016,0.7,40,76,30,71.7,-17.1,17.1
2016,0.7,999,76,30,71.7,-17.1,17.1
2009,0.65,5,1093,433,71.63,-4.1,4.1
2009,0.66,5,1093,433,71.63,-4.1,4.1
2009,0.7,5,1092,434,71.56,-4.2,4.2
2009,0.75,5,1089,437,71.36,-4.2,4.2
2009,0.8,5,1085,441,71.1,-4.2,4.2
2017,0.8,10,66,27,70.97,-8.1,8.1
2010,0.7,30,188,77,70.94,-14.3,14.3
2010,0.7,40,188,77,70.94,-14.8,14.8
2010,0.7,999,188,77,70.94,-14.8,14.8
2009,0.85,5,1081,445,70.84,-4.2,4.2
2015,0.5,15,63,26,70.79,-8.4,8.4
2015,0.7,20,63,26,70.79,-9.7,9.7
2015,0.66,20,63,26,70.79,-10.1,10.1
2015,0.65,20,63,26,70.79,-10.3,10.3
2015,0.6,20,63,26,70.79,-10.8,10.8
2015,0.75,40,63,26,70.79,-12.0,12.0
2015,0.75,999,63,26,70.79,-12.2,12.2
2007,0.7,999,470,194,70.78,-13.2,13.2
2016,0.75,20,75,31,70.75,-11.4,11.4
2016,0.75,25,75,31,70.75,-13.5,13.5
2019,0.7,30,41,17,70.69,-16.2,16.2
2019,0.7,40,41,17,70.69,-19.0,19.0
2019,0.7,999,41,17,70.69,-20.6,20.6
2007,0.65,15,469,195,70.63,-9.7,9.7
2007,0.7,40,469,195,70.63,-13.1,13.1
2010,0.5,15,187,78,70.57,-11.6,11.6
2007,0.66,20,468,196,70.48,-12.1,12.1
2010,0.65,20,186,79,70.19,-11.8,11.8
2007,0.7,25,466,198,70.18,-12.1,12.1
2007,0.7,30,466,198,70.18,-12.8,12.8
2017,0.85,20,65,28,69.89,-10.3,10.3
2017,0.85,25,65,28,69.89,-11.0,11.0
2017,0.85,30,65,28,69.89,-11.2,11.2
2017,0.85,40,65,28,69.89,-11.3,11.3
2017,0.85,999,65,28,69.89,-11.3,11.3
2007,0.66,15,463,201,69.73,-9.6,9.6
2011,0.5,5,202,88,69.66,-4.0,4.0
2011,0.6,5,202,88,69.66,-4.0,4.0
2011,0.65,5,202,88,69.66,-4.0,4.0
2011,0.66,5,202,88,69.66,-4.0,4.0
2011,0.7,5,202,88,69.66,-4.0,4.0
2011,0.75,5,202,88,69.66,-4.0,4.0
2011,0.8,5,202,88,69.66,-4.0,4.0
2011,0.85,5,202,88,69.66,-4.0,4.0
2015,0.75,20,62,27,69.66,-9.2,9.2
2015,0.75,25,62,27,69.66,-10.5,10.5
2015,0.75,30,62,27,69.66,-11.8,11.8
2013,0.5,5,78,34,69.64,-4.3,4.3
2013,0.6,5,78,34,69.64,-4.3,4.3
2013,0.65,5,78,34,69.64,-4.3,4.3
2013,0.66,5,78,34,69.64,-4.3,4.3
2007,0.6,10,460,204,69.28,-6.4,6.4
2007,0.7,20,460,204,69.28,-11.3,11.3
2010,0.66,20,183,82,69.06,-11.6,11.6
2010,0.7,25,183,82,69.06,-13.8,13.8
2019,0.7,25,40,18,68.97,-13.4,13.4
2017,0.85,15,64,29,68.82,-9.6,9.6
2013,0.7,5,77,35,68.75,-4.3,4.3
2013,0.75,5,77,35,68.75,-4.3,4.3
2007,0.7,15,456,208,68.67,-9.2,9.2
2007,0.75,999,454,210,68.37,-12.0,12.0
2007,0.75,30,453,211,68.22,-11.9,11.9
2007,0.75,40,453,211,68.22,-12.0,12.0
2007,0.75,25,452,212,68.07,-11.2,11.2
2010,0.75,30,180,85,67.92,-13.4,13.4
2010,0.75,40,180,85,67.92,-13.8,13.8
2010,0.75,999,180,85,67.92,-13.8,13.8
2010,0.6,15,179,86,67.55,-10.3,10.3
2007,0.75,20,448,216,67.47,-10.4,10.4
2015,0.65,15,60,29,67.42,-7.9,7.9
2015,0.6,15,60,29,67.42,-8.4,8.4
2019,0.6,20,39,19,67.24,-11.7,11.7
2019,0.75,30,39,19,67.24,-14.3,14.3
2019,0.75,40,39,19,67.24,-16.6,16.6
2019,0.75,999,39,19,67.24,-17.1,17.1
2010,0.75,25,178,87,67.17,-12.9,12.9
2007,0.65,10,445,219,67.02,-6.3,6.3
2016,0.7,15,71,35,66.98,-10.0,10.0
2016,0.66,15,71,35,66.98,-10.2,10.2
2016,0.65,15,71,35,66.98,-10.3,10.3
2016,0.6,15,71,35,66.98,-10.6,10.6
2016,0.8,20,71,35,66.98,-10.8,10.8
2016,0.8,25,71,35,66.98,-12.7,12.7
2016,0.8,30,71,35,66.98,-13.2,13.2
2016,0.8,40,71,35,66.98,-14.1,14.1
2016,0.8,999,71,35,66.98,-14.1,14.1
2013,0.8,5,75,37,66.96,-4.3,4.3
2013,0.85,5,75,37,66.96,-4.3,4.3
2007,0.75,15,444,220,66.87,-8.6,8.6
2010,0.7,20,177,88,66.79,-11.3,11.3
2010,0.65,15,176,89,66.42,-9.8,9.8
2015,0.66,15,59,30,66.29,-7.8,7.8
2015,0.8,40,59,30,66.29,-11.5,11.5
2015,0.8,999,59,30,66.29,-11.5,11.5
2005,0.5,30,84,43,66.14,-15.6,15.6
2005,0.5,40,84,43,66.14,-16.2,16.2
2005,0.5,999,84,43,66.14,-16.4,16.4
2007,0.66,10,439,225,66.11,-6.3,6.3
2016,0.75,15,70,36,66.04,-9.5,9.5
2010,0.66,15,175,90,66.04,-9.7,9.7
2019,0.8,25,38,20,65.52,-10.6,10.6
2019,0.66,20,38,20,65.52,-11.2,11.2
2019,0.65,20,38,20,65.52,-11.4,11.4
2019,0.75,25,38,20,65.52,-12.2,12.2
2019,0.8,30,38,20,65.52,-12.7,12.7
2019,0.8,40,38,20,65.52,-14.5,14.5
2019,0.8,999,38,20,65.52,-15.0,15.0
2018,0.7,5,74,39,65.49,-4.3,4.3
2018,0.75,5,74,39,65.49,-4.3,4.3
2018,0.8,5,74,39,65.49,-4.3,4.3
2018,0.85,5,74,39,65.49,-4.3,4.3
2018,0.5,5,74,39,65.49,-4.4,4.4
2018,0.6,5,74,39,65.49,-4.4,4.4
2018,0.65,5,74,39,65.49,-4.4,4.4
2018,0.66,5,74,39,65.49,-4.4,4.4
2010,0.5,10,173,92,65.28,-6.7,6.7
2010,0.75,20,173,92,65.28,-10.7,10.7
2007,0.7,10,433,231,65.21,-6.3,6.3
2015,0.75,15,58,31,65.17,-6.8,6.8
2015,0.7,15,58,31,65.17,-7.8,7.8
2015,0.8,20,58,31,65.17,-9.6,9.6
2015,0.8,25,58,31,65.17,-10.9,10.9
2015,0.8,30,58,31,65.17,-11.7,11.7
2016,0.5,10,69,37,65.09,-7.7,7.7
2012,0.5,15,13,7,65.0,-12.9,12.9
2017,0.85,10,60,33,64.52,-8.4,8.4
2010,0.6,10,170,95,64.15,-6.6,6.6
2016,0.8,15,68,38,64.15,-9.1,9.1
2006,0.5,30,157,88,64.08,-19.9,19.9
2006,0.5,40,157,88,64.08,-21.3,21.3
2006,0.5,999,157,88,64.08,-21.5,21.5
2015,0.6,10,57,32,64.04,-5.4,5.4
2015,0.65,10,57,32,64.04,-5.4,5.4
2015,0.66,10,57,32,64.04,-5.4,5.4
2015,0.7,10,57,32,64.04,-5.4,5.4
2015,0.5,10,57,32,64.04,-5.5,5.5
2007,0.75,10,424,240,63.86,-6.1,6.1
2019,0.5,15,37,21,63.79,-8.5,8.5
2019,0.7,20,37,21,63.79,-11.0,11.0
2005,0.5,25,81,46,63.78,-13.5,13.5
2010,0.65,10,169,96,63.77,-6.6,6.6
2010,0.8,25,169,96,63.77,-11.1,11.1
2010,0.8,30,169,96,63.77,-11.5,11.5
2010,0.8,40,169,96,63.77,-11.8,11.8
2010,0.8,999,169,96,63.77,-11.8,11.8
2010,0.66,10,168,97,63.4,-6.6,6.6
2010,0.7,15,168,97,63.4,-9.6,9.6
2007,0.8,999,420,244,63.25,-11.0,11.0
2016,0.85,25,67,39,63.21,-11.9,11.9
2016,0.85,30,67,39,63.21,-12.0,12.0
2016,0.85,40,67,39,63.21,-12.3,12.3
2016,0.85,999,67,39,63.21,-12.3,12.3
2007,0.8,40,419,245,63.1,-11.0,11.0
2007,0.8,25,418,246,62.95,-10.4,10.4
2007,0.8,30,418,246,62.95,-10.8,10.8
2015,0.75,10,56,33,62.92,-5.4,5.4
2015,0.8,15,56,33,62.92,-6.7,6.7
2006,0.5,25,153,92,62.45,-17.5,17.5
2007,0.8,20,414,250,62.35,-9.7,9.7
2016,0.7,10,66,40,62.26,-7.5,7.5
2016,0.65,10,66,40,62.26,-7.7,7.7
2016,0.66,10,66,40,62.26,-7.7,7.7
2016,0.6,10,66,40,62.26,-7.8,7.8
2010,0.75,15,165,100,62.26,-8.6,8.6
2016,0.85,20,66,40,62.26,-10.8,10.8
2019,0.85,25,36,22,62.07,-10.5,10.5
2019,0.85,30,36,22,62.07,-12.5,12.5
2019,0.85,40,36,22,62.07,-14.1,14.1
2019,0.85,999,36,22,62.07,-14.7,14.7
2007,0.8,15,411,253,61.9,-8.4,8.4
2010,0.8,20,164,101,61.89,-9.4,9.4
2010,0.7,10,163,102,61.51,-6.7,6.7
2005,0.5,20,78,49,61.42,-11.8,11.8
2016,0.8,10,65,41,61.32,-7.2,7.2
2016,0.75,10,65,41,61.32,-7.4,7.4
2016,0.85,15,65,41,61.32,-9.1,9.1
2010,0.8,15,162,103,61.13,-8.1,8.1
2006,0.5,20,149,96,60.82,-13.6,13.6
2010,0.85,25,161,104,60.75,-10.3,10.3
2010,0.85,30,161,104,60.75,-10.6,10.6
2010,0.85,40,161,104,60.75,-10.6,10.6
2010,0.85,999,161,104,60.75,-10.6,10.6
2015,0.8,10,54,35,60.67,-5.4,5.4
2020,0.8,5,43,28,60.56,-4.1,4.1
2020,0.5,5,43,28,60.56,-4.2,4.2
2020,0.6,5,43,28,60.56,-4.2,4.2
2020,0.65,5,43,28,60.56,-4.2,4.2
2020,0.66,5,43,28,60.56,-4.2,4.2
2020,0.7,5,43,28,60.56,-4.2,4.2
2020,0.75,5,43,28,60.56,-4.2,4.2
2019,0.85,20,35,23,60.34,-8.6,8.6
2019,0.8,20,35,23,60.34,-9.1,9.1
2019,0.75,20,35,23,60.34,-10.3,10.3
2010,0.75,10,159,106,60.0,-6.6,6.6
2012,0.65,20,12,8,60.0,-10.0,10.0
2012,0.66,20,12,8,60.0,-10.0,10.0
2012,0.7,20,12,8,60.0,-10.0,10.0
2012,0.7,25,12,8,60.0,-10.0,10.0
2012,0.6,15,12,8,60.0,-11.2,11.2
2012,0.7,30,12,8,60.0,-11.3,11.3
2012,0.7,40,12,8,60.0,-11.3,11.3
2012,0.7,999,12,8,60.0,-11.3,11.3
2012,0.65,25,12,8,60.0,-12.2,12.2
2012,0.66,25,12,8,60.0,-12.2,12.2
2012,0.66,30,12,8,60.0,-13.0,13.0
2012,0.66,40,12,8,60.0,-13.2,13.2
2012,0.66,999,12,8,60.0,-13.2,13.2
2012,0.65,30,12,8,60.0,-14.2,14.2
2012,0.65,40,12,8,60.0,-14.3,14.3
2012,0.65,999,12,8,60.0,-14.3,14.3
2010,0.85,20,158,107,59.62,-9.1,9.1
2015,0.85,20,53,36,59.55,-9.4,9.4
2015,0.85,25,53,36,59.55,-10.3,10.3
2015,0.85,30,53,36,59.55,-11.6,11.6
2015,0.85,40,53,36,59.55,-11.6,11.6
2015,0.85,999,53,36,59.55,-11.6,11.6
2007,0.85,999,395,269,59.49,-9.7,9.7
2007,0.85,25,394,270,59.34,-9.4,9.4
2007,0.85,30,394,270,59.34,-9.7,9.7
2007,0.85,40,394,270,59.34,-9.7,9.7
2010,0.8,10,157,108,59.25,-6.6,6.6
2017,0.8,5,55,38,59.14,-3.8,3.8
2017,0.5,5,55,38,59.14,-3.9,3.9
2017,0.6,5,55,38,59.14,-3.9,3.9
2017,0.65,5,55,38,59.14,-3.9,3.9
2017,0.66,5,55,38,59.14,-3.9,3.9
2017,0.7,5,55,38,59.14,-3.9,3.9
2017,0.75,5,55,38,59.14,-3.9,3.9
2007,0.8,10,392,272,59.04,-6.3,6.3
2007,0.85,20,392,272,59.04,-8.8,8.8
2007,0.85,15,391,273,58.89,-7.6,7.6
2010,0.85,15,156,109,58.87,-8.0,8.0
2019,0.6,15,34,24,58.62,-8.9,8.9
2015,0.85,15,52,37,58.43,-6.9,6.9
2020,0.85,5,41,30,57.75,-4.3,4.3
2010,0.85,10,153,112,57.74,-6.8,6.8
2016,0.85,10,61,45,57.55,-7.5,7.5
2006,0.5,15,141,104,57.55,-9.9,9.9
2006,0.6,40,141,104,57.55,-18.1,18.1
2006,0.6,999,141,104,57.55,-18.1,18.1
2015,0.85,10,51,38,57.3,-5.6,5.6
2006,0.6,30,140,105,57.14,-15.6,15.6
2019,0.75,15,33,25,56.9,-7.3,7.3
2019,0.7,15,33,25,56.9,-7.6,7.6
2019,0.66,15,33,25,56.9,-8.1,8.1
2019,0.65,15,33,25,56.9,-8.3,8.3
2007,0.85,10,377,287,56.78,-6.1,6.1
2005,0.6,30,72,55,56.69,-14.1,14.1
2005,0.6,40,72,55,56.69,-14.6,14.6
2005,0.6,999,72,55,56.69,-14.8,14.8
2007,0.5,5,376,288,56.63,-3.7,3.7
2006,0.6,25,138,107,56.33,-13.8,13.8
2017,0.85,5,52,41,55.91,-3.9,3.9
2019,0.85,15,32,26,55.17,-6.5,6.5
2019,0.8,15,32,26,55.17,-6.9,6.9
2005,0.5,15,70,57,55.12,-9.3,9.3
2005,0.6,20,70,57,55.12,-10.4,10.4
2005,0.65,30,70,57,55.12,-11.5,11.5
2005,0.66,30,70,57,55.12,-11.5,11.5
2005,0.65,40,70,57,55.12,-11.7,11.7
2005,0.66,40,70,57,55.12,-11.7,11.7
2005,0.6,25,70,57,55.12,-11.9,11.9
2005,0.65,999,70,57,55.12,-12.1,12.1
2005,0.66,999,70,57,55.12,-12.1,12.1
2006,0.6,20,135,110,55.1,-11.6,11.6
2006,0.65,40,134,111,54.69,-16.6,16.6
2006,0.65,999,134,111,54.69,-16.6,16.6
2007,0.6,5,362,302,54.52,-3.7,3.7
2005,0.65,20,69,58,54.33,-9.0,9.0
2005,0.66,20,69,58,54.33,-9.0,9.0
2005,0.65,25,69,58,54.33,-10.7,10.7
2005,0.66,25,69,58,54.33,-10.7,10.7
2005,0.7,30,69,58,54.33,-11.4,11.4
2005,0.7,40,69,58,54.33,-11.6,11.6
2005,0.7,999,69,58,54.33,-11.9,11.9
2006,0.65,30,133,112,54.29,-15.5,15.5
2007,0.65,5,360,304,54.22,-3.6,3.6
2007,0.66,5,358,306,53.92,-3.6,3.6
2006,0.65,25,132,113,53.88,-13.4,13.4
2006,0.66,30,132,113,53.88,-15.2,15.2
2006,0.66,40,132,113,53.88,-16.3,16.3
2006,0.66,999,132,113,53.88,-16.3,16.3
2005,0.7,20,68,59,53.54,-8.8,8.8
2005,0.7,25,68,59,53.54,-10.6,10.6
2006,0.66,25,131,114,53.47,-13.0,13.0
2019,0.8,10,31,27,53.45,-5.2,5.2
2019,0.85,10,31,27,53.45,-5.2,5.2
2019,0.66,10,31,27,53.45,-5.4,5.4
2019,0.7,10,31,27,53.45,-5.4,5.4
2019,0.75,10,31,27,53.45,-5.4,5.4
2019,0.65,10,31,27,53.45,-5.7,5.7
2019,0.5,10,31,27,53.45,-6.0,6.0
2019,0.6,10,31,27,53.45,-6.0,6.0
2006,0.5,10,130,115,53.06,-6.0,6.0
2006,0.7,30,130,115,53.06,-13.9,13.9
2006,0.7,40,130,115,53.06,-15.4,15.4
2006,0.7,999,130,115,53.06,-15.4,15.4
2007,0.7,5,352,312,53.01,-3.7,3.7
2010,0.5,5,140,125,52.83,-3.3,3.3
2010,0.6,5,140,125,52.83,-3.3,3.3
2015,0.5,5,47,42,52.81,-3.3,3.3
2010,0.65,5,139,126,52.45,-3.3,3.3
2010,0.66,5,139,126,52.45,-3.3,3.3
2010,0.7,5,139,126,52.45,-3.3,3.3
2010,0.75,5,139,126,52.45,-3.3,3.3
2006,0.65,20,128,117,52.24,-11.0,11.0
2006,0.7,25,128,117,52.24,-12.5,12.5
2010,0.8,5,138,127,52.08,-3.3,3.3
2005,0.6,15,66,61,51.97,-8.5,8.5
2006,0.66,20,127,118,51.84,-10.7,10.7
2006,0.75,30,127,118,51.84,-12.7,12.7
2006,0.75,40,127,118,51.84,-14.3,14.3
2006,0.75,999,127,118,51.84,-14.3,14.3
2015,0.6,5,46,43,51.69,-3.4,3.4
2015,0.65,5,46,43,51.69,-3.4,3.4
2006,0.6,15,126,119,51.43,-9.0,9.0
2006,0.75,25,126,119,51.43,-11.6,11.6
2007,0.75,5,341,323,51.36,-3.6,3.6
2005,0.65,15,65,62,51.18,-7.7,7.7
2005,0.66,15,65,62,51.18,-7.7,7.7
2005,0.75,20,65,62,51.18,-7.9,7.9
2005,0.75,25,65,62,51.18,-9.9,9.9
2005,0.75,30,65,62,51.18,-10.8,10.8
2005,0.75,40,65,62,51.18,-11.0,11.0
2005,0.75,999,65,62,51.18,-11.4,11.4
2006,0.7,20,125,120,51.02,-10.2,10.2
2010,0.85,5,134,131,50.57,-3.4,3.4
2015,0.66,5,45,44,50.56,-3.4,3.4
2015,0.7,5,45,44,50.56,-3.4,3.4
2015,0.75,5,45,44,50.56,-3.4,3.4
2006,0.75,20,123,122,50.2,-9.9,9.9
2012,0.85,20,10,10,50.0,-9.4,9.4
2012,0.85,25,10,10,50.0,-9.4,9.4
2012,0.85,30,10,10,50.0,-9.4,9.4
2012,0.85,40,10,10,50.0,-9.4,9.4
2012,0.85,999,10,10,50.0,-9.4,9.4
2012,0.8,20,10,10,50.0,-10.2,10.2
2012,0.8,25,10,10,50.0,-10.2,10.2
2012,0.8,30,10,10,50.0,-10.2,10.2
2012,0.8,40,10,10,50.0,-10.2,10.2
2012,0.8,999,10,10,50.0,-10.2,10.2
2012,0.75,20,10,10,50.0,-10.4,10.4
2012,0.75,25,10,10,50.0,-10.4,10.4
2012,0.75,30,10,10,50.0,-10.4,10.4
2012,0.75,40,10,10,50.0,-10.4,10.4
2012,0.75,999,10,10,50.0,-10.4,10.4
2012,0.65,15,10,10,50.0,-11.0,11.0
2012,0.66,15,10,10,50.0,-11.0,11.0
2012,0.7,15,10,10,50.0,-11.0,11.0
2005,0.7,15,63,64,49.61,-7.4,7.4
2005,0.5,10,62,65,48.82,-6.0,6.0
2005,0.8,20,62,65,48.82,-7.7,7.7
2005,0.8,25,62,65,48.82,-8.8,8.8
2005,0.8,30,62,65,48.82,-10.2,10.2
2005,0.8,40,62,65,48.82,-10.5,10.5
2005,0.8,999,62,65,48.82,-10.9,10.9
2006,0.6,10,119,126,48.57,-6.0,6.0
2006,0.66,15,119,126,48.57,-8.2,8.2
2006,0.65,15,119,126,48.57,-8.3,8.3
2015,0.8,5,43,46,48.31,-3.5,3.5
2006,0.75,15,118,127,48.16,-7.7,7.7
2006,0.7,15,118,127,48.16,-8.1,8.1
2016,0.5,5,51,55,48.11,-4.4,4.4
2016,0.6,5,51,55,48.11,-4.4,4.4
2016,0.65,5,51,55,48.11,-4.4,4.4
2016,0.66,5,51,55,48.11,-4.4,4.4
2016,0.7,5,51,55,48.11,-4.4,4.4
2016,0.75,5,51,55,48.11,-4.4,4.4
2016,0.8,5,51,55,48.11,-4.4,4.4
2016,0.85,5,51,55,48.11,-4.4,4.4
2007,0.8,5,317,347,47.74,-3.7,3.7
2006,0.8,25,116,129,47.35,-10.2,10.2
2006,0.8,30,116,129,47.35,-11.2,11.2
2006,0.8,40,116,129,47.35,-12.9,12.9
2006,0.8,999,116,129,47.35,-12.9,12.9
2005,0.6,10,60,67,47.24,-6.1,6.1
2005,0.75,15,60,67,47.24,-7.0,7.0
2015,0.85,5,42,47,47.19,-3.6,3.6
2006,0.66,10,115,130,46.94,-6.1,6.1
2006,0.65,10,115,130,46.94,-6.2,6.2
2006,0.8,15,115,130,46.94,-7.5,7.5
2006,0.8,20,115,130,46.94,-8.1,8.1
2006,0.75,10,114,131,46.53,-5.9,5.9
2006,0.7,10,114,131,46.53,-6.1,6.1
2005,0.65,10,59,68,46.46,-5.5,5.5
2005,0.66,10,59,68,46.46,-5.5,5.5
2007,0.85,5,308,356,46.39,-3.8,3.8
2006,0.8,10,112,133,45.71,-5.7,5.7
2005,0.7,10,58,69,45.67,-5.6,5.6
2005,0.8,15,58,69,45.67,-6.9,6.9
2005,0.85,20,58,69,45.67,-7.6,7.6
2005,0.85,25,58,69,45.67,-7.8,7.8
2005,0.85,30,58,69,45.67,-9.0,9.0
2005,0.85,40,58,69,45.67,-9.1,9.1
2005,0.85,999,58,69,45.67,-9.1,9.1
2012,0.5,10,9,11,45.0,-9.3,9.3
2012,0.85,15,9,11,45.0,-9.3,9.3
2012,0.8,15,9,11,45.0,-10.2,10.2
2012,0.75,15,9,11,45.0,-10.4,10.4
2006,0.85,15,110,135,44.9,-7.2,7.2
2006,0.85,20,110,135,44.9,-7.5,7.5
2006,0.85,25,110,135,44.9,-8.8,8.8
2006,0.85,30,110,135,44.9,-9.0,9.0
2006,0.85,40,110,135,44.9,-10.2,10.2
2006,0.85,999,110,135,44.9,-10.2,10.2
2005,0.75,10,57,70,44.88,-5.3,5.3
2006,0.85,10,108,137,44.08,-5.6,5.6
2006,0.5,5,107,138,43.67,-3.6,3.6
2005,0.8,10,55,72,43.31,-5.5,5.5
2005,0.85,15,55,72,43.31,-6.9,6.9
2005,0.85,10,54,73,42.52,-5.6,5.6
2006,0.6,5,104,141,42.45,-3.6,3.6
2006,0.65,5,103,142,42.04,-3.7,3.7
2006,0.75,5,102,143,41.63,-3.6,3.6
2006,0.66,5,102,143,41.63,-3.7,3.7
2006,0.7,5,102,143,41.63,-3.7,3.7
2006,0.8,5,99,146,40.41,-3.7,3.7
2012,0.5,5,8,12,40.0,-2.5,2.5
2012,0.65,10,8,12,40.0,-9.2,9.2
2012,0.66,10,8,12,40.0,-9.2,9.2
2012,0.7,10,8,12,40.0,-9.2,9.2
2012,0.6,10,8,12,40.0,-10.5,10.5
2006,0.85,5,96,149,39.18,-3.7,3.7
2019,0.5,5,22,36,37.93,-2.5,2.5
2019,0.6,5,22,36,37.93,-2.5,2.5
2019,0.65,5,22,36,37.93,-2.5,2.5
2019,0.66,5,22,36,37.93,-2.5,2.5
2019,0.7,5,22,36,37.93,-2.5,2.5
2019,0.75,5,22,36,37.93,-2.5,2.5
2019,0.8,5,22,36,37.93,-2.5,2.5
2019,0.85,5,22,36,37.93,-2.5,2.5
2012,0.6,5,7,13,35.0,-2.9,2.9
2012,0.65,5,7,13,35.0,-2.9,2.9
2012,0.66,5,7,13,35.0,-2.9,2.9
2012,0.7,5,7,13,35.0,-2.9,2.9
2012,0.85,10,7,13,35.0,-9.1,9.1
2012,0.75,10,7,13,35.0,-9.7,9.7
2012,0.8,10,7,13,35.0,-9.7,9.7
2005,0.5,5,44,83,34.65,-3.6,3.6
2005,0.6,5,44,83,34.65,-3.6,3.6
2005,0.65,5,44,83,34.65,-3.6,3.6
2005,0.66,5,44,83,34.65,-3.6,3.6
2005,0.7,5,44,83,34.65,-3.6,3.6
2005,0.75,5,44,83,34.65,-3.6,3.6
2005,0.8,5,44,83,34.65,-3.6,3.6
2005,0.85,5,44,83,34.65,-3.6,3.6
2012,0.75,5,6,14,30.0,-2.3,2.3
2012,0.8,5,6,14,30.0,-2.3,2.3
2012,0.85,5,6,14,30.0,-2.3,2.3
