ano,name_model,Erro_days,R2,MAE,RMSE,TP,FP,FN,TN,Recall,Precision,F1,MedAE
2004,RF_classificador,5.859154929577465,0.4630978158001301,0.19613092531739307,0.36633505542484335,244,172,264,2365,0.48031496062992124,0.5865384615384616,0.5281385281385282,0.19613092531739307
2005,RF_classificador,7.760330578512397,0.4720630791118177,0.18985606097202928,0.36328535730622535,433,526,541,4663,0.44455852156057496,0.45151199165797706,0.4480082772891878,0.18985606097202928
2006,RF_classificador,6.576112412177986,0.4592301758804365,0.19414118228007524,0.36766481825128094,1493,1513,1160,13278,0.5627591405955522,0.49667332002661346,0.5276550627319315,0.19414118228007524
2007,RF_classificador,13.103004291845494,0.48386916309508904,0.19663838744849957,0.35918018817909925,3517,7992,622,19829,0.84972215510993,0.3055869319662873,0.4495143149284254,0.19663838744849957
2008,RF_classificador,8.673453996983408,0.48540324079516084,0.19944419669446975,0.35865576015678013,4892,6913,1408,36574,0.7765079365079365,0.4144006776789496,0.5404032035349351,0.19944419669446975
2009,RF_classificador,10.481675392670157,0.4684439421268105,0.1935880786140997,0.3645284799794508,687,1172,373,4772,0.6481132075471698,0.36955352339967723,0.47070914696813976,0.1935880786140997
2010,RF_classificador,15.957528957528957,0.48172241207451083,0.1927966234947986,0.35995374046837325,996,3120,164,4718,0.8586206896551725,0.24198250728862974,0.3775587566338135,0.1927966234947986
2011,RF_classificador,10.333333333333334,0.47353020053576794,0.19515938906828725,0.36275373304773545,29,56,51,404,0.3625,0.3411764705882353,0.35151515151515156,0.19515938906828725
2012,RF_classificador,16.05504587155963,0.4611693488356411,0.19676471631454817,0.36699100446364114,416,1138,32,1842,0.9285714285714286,0.2676962676962677,0.41558441558441556,0.19676471631454817
2013,RF_classificador,9.957142857142857,0.4757786527754351,0.19518396567336835,0.36198153434164315,265,440,35,1585,0.8833333333333333,0.375886524822695,0.5273631840796019,0.19518396567336835
2014,RF_classificador,6.774193548387097,0.4585715174759387,0.19749969985933183,0.36783973134272674,215,231,141,1835,0.6039325842696629,0.4820627802690583,0.5361596009975063,0.19749969985933183
2015,RF_classificador,10.477272727272727,0.46663188013590345,0.1965886960394258,0.3650948011196906,306,527,118,1715,0.7216981132075472,0.3673469387755102,0.48687350835322196,0.1965886960394258
2016,RF_classificador,8.298507462686567,0.4588837170351077,0.19637378990645096,0.36777151760087945,253,325,119,1931,0.6801075268817204,0.43771626297577854,0.5326315789473685,0.19637378990645096
2017,RF_classificador,8.930693069306932,0.4534065638285556,0.19733907201728798,0.36962197718072476,370,523,82,2321,0.8185840707964602,0.4143337066069429,0.5501858736059481,0.19733907201728798
2018,RF_classificador,9.916666666666666,0.4612558471702036,0.19484316067874702,0.36691456814960804,124,193,108,1090,0.5344827586206896,0.3911671924290221,0.45173041894353366,0.19484316067874702
2019,RF_classificador,13.533333333333333,0.467921378735184,0.19554354638019625,0.3646687070024243,232,588,52,1548,0.8169014084507042,0.28292682926829266,0.4202898550724637,0.19554354638019625
2020,RF_classificador,13.938144329896907,0.4630302590396771,0.19695702296117296,0.36635626351334005,377,937,23,2111,0.9425,0.286910197869102,0.43990665110851807,0.19695702296117296
2021,RF_classificador,16.153846153846153,0.46214726157479136,0.1964417053472918,0.36664497666516177,50,166,22,448,0.6944444444444444,0.23148148148148148,0.3472222222222222,0.1964417053472918
2022,RF_classificador,11.5,0.45649336210890235,0.19828853442240618,0.368555177447365,5,8,3,34,0.625,0.38461538461538464,0.4761904761904762,0.19828853442240618
2004,RF_classificador_temp,7.30379746835443,0.6395022232048408,0.1342623711696783,0.3001980296960816,283,180,225,2357,0.5570866141732284,0.6112311015118791,0.5829042224510814,0.1342623711696783
2005,RF_classificador_temp,7.207692307692308,0.6355616873643107,0.13328413859831478,0.30178447099447026,489,285,485,4904,0.502053388090349,0.6317829457364341,0.5594965675057209,0.13328413859831478
2006,RF_classificador_temp,5.809628008752735,0.6340648726368799,0.13241270943084785,0.3023883358206688,1706,587,947,14204,0.6430456087448172,0.7440034888791975,0.6898503841488071,0.13241270943084785
2007,RF_classificador_temp,13.927152317880795,0.6446749221976398,0.13650604858723117,0.29799140508859157,3392,3925,747,23896,0.819521623580575,0.46357796911302446,0.5921787709497207,0.13650604858723117
2008,RF_classificador_temp,9.000723065798988,0.6231451495945624,0.14660731031499402,0.306933911084608,5345,3414,955,40073,0.8484126984126984,0.6102294782509419,0.7098744936582774,0.14660731031499402
2009,RF_classificador_temp,9.611702127659575,0.6303931866109329,0.1355415683063975,0.3039278680097757,699,634,361,5310,0.659433962264151,0.5243810952738185,0.584203928123694,0.1355415683063975
2010,RF_classificador_temp,14.081395348837209,0.6408992488884142,0.1339214898036813,0.29957221437299497,999,1659,161,6179,0.8612068965517241,0.3758465011286682,0.5233106338397067,0.1339214898036813
2011,RF_classificador_temp,5.714285714285714,0.623365414477587,0.13829048768216393,0.3068103093170185,44,15,36,445,0.55,0.7457627118644068,0.6330935251798562,0.13829048768216393
2012,RF_classificador_temp,16.01818181818182,0.6352820012419415,0.13600266735698968,0.3019480055789618,440,964,8,2016,0.9821428571428571,0.31339031339031337,0.4751619870410367,0.13600266735698968
2013,RF_classificador_temp,14.133333333333333,0.6287449946252212,0.1377676056695643,0.3046010756882023,291,382,9,1643,0.97,0.4323922734026746,0.5981500513874615,0.1377676056695643
2014,RF_classificador_temp,7.571428571428571,0.6336669408030338,0.13662454821376957,0.3026020249661322,241,155,115,1911,0.6769662921348315,0.6085858585858586,0.6409574468085106,0.13662454821376957
2015,RF_classificador_temp,8.218390804597702,0.6308493476828856,0.13616238906184003,0.30375076584434874,304,252,120,1990,0.7169811320754716,0.5467625899280576,0.6204081632653061,0.13616238906184003
2016,RF_classificador_temp,10.341772151898734,0.641217262983826,0.13552481294615576,0.2994549675925279,299,304,73,1952,0.803763440860215,0.49585406301824214,0.6133333333333333,0.13552481294615576
2017,RF_classificador_temp,9.627450980392156,0.6412944774186868,0.13488724904721316,0.2994248605212736,386,312,66,2532,0.8539823008849557,0.5530085959885387,0.671304347826087,0.13488724904721316
2018,RF_classificador_temp,11.380952380952381,0.6451187448208129,0.13453731325570473,0.29775975030657625,151,188,81,1095,0.6508620689655172,0.44542772861356933,0.5288966725043782,0.13453731325570473
2019,RF_classificador_temp,14.184615384615384,0.631207306991681,0.13744013300250604,0.30361790112797876,250,310,34,1826,0.8802816901408451,0.44642857142857145,0.5924170616113744,0.13744013300250604
2020,RF_classificador_temp,16.309278350515463,0.6325854360696119,0.13741422048491164,0.30298528332933367,374,546,26,2502,0.935,0.40652173913043477,0.5666666666666667,0.13741422048491164
2021,RF_classificador_temp,15.470588235294118,0.6319429567065862,0.13694860324433267,0.3033169964079012,68,89,4,525,0.9444444444444444,0.43312101910828027,0.593886462882096,0.13694860324433267
2022,RF_classificador_temp,7.0,0.6419967680904286,0.13671998502712338,0.29911297045352525,8,6,0,36,1.0,0.5714285714285714,0.7272727272727273,0.13671998502712338
2004,RF_regressor_safra_temp,11.672831750162398,-0.026671887015719875,11.672831750162398,15.116564385214986,489,1113,1443,0,0.2531055900621118,0.3052434456928839,0.2767402376910017,8.810000000000002
2005,RF_regressor_safra_temp,12.67984205514902,0.6384400738112421,12.67984205514902,16.32237969994834,971,2001,3191,0,0.23330129745314754,0.32671601615074025,0.27221754976170454,10.659999999999997
2006,RF_regressor_safra_temp,9.471538318588959,-0.2786866824940166,9.471538318588959,13.388094295422261,5326,5436,6682,0,0.44353764157228515,0.49488942575729417,0.467808519982433,6.724999999999994
2007,RF_regressor_safra_temp,15.334425516246673,-0.026891945869484957,15.334425516246673,19.592597855205156,6074,19900,5986,0,0.503648424543947,0.23384923384923384,0.319398432981017,12.678333333333327
2008,RF_regressor_safra_temp,16.86075081344858,-0.3185548139717491,16.86075081344858,21.389463963033922,7330,38115,4342,0,0.6279986291980809,0.16129387171305976,0.25666614142899663,14.384999999999991
2009,RF_regressor_safra_temp,10.731482339726591,0.5692319304721652,10.731482339726591,14.22249314452546,1622,2561,2821,0,0.36506864731037586,0.3877599808749701,0.3760723394389056,7.998166666666663
2010,RF_regressor_safra_temp,14.158537343006948,-0.2501624951437731,14.158537343006948,21.220756803322665,2297,3846,2855,0,0.44584627329192544,0.37392153670844863,0.4067286409915892,7.469999999999999
2011,RF_regressor_safra_temp,18.074543703453152,0.5054852633184145,18.074543703453152,24.0354444324276,50,213,277,0,0.1529051987767584,0.19011406844106463,0.16949152542372878,12.80850000000001
2012,RF_regressor_safra_temp,12.190684259949075,0.05085425578187219,12.190684259949075,17.014193326476256,857,1866,705,0,0.5486555697823303,0.31472640470069774,0.4,8.781666666666666
2013,RF_regressor_safra_temp,13.27489415577066,0.48460361410423725,13.27489415577066,17.990725495999804,474,1512,339,0,0.5830258302583026,0.23867069486404835,0.3386923901393355,9.51466666666667
2014,RF_regressor_safra_temp,11.287341297847405,0.05471067529872842,11.287341297847405,15.88503544186115,657,928,837,0,0.4397590361445783,0.41451104100946373,0.426761935693407,7.642499999999998
2015,RF_regressor_safra_temp,15.926571410709819,-1.948102485058611,15.926571410709819,21.000304737567063,549,501,1616,0,0.2535796766743649,0.5228571428571429,0.34152410575427683,13.21
2016,RF_regressor_safra_temp,10.925496979466311,0.31083973809560195,10.925496979466311,14.692908066385087,662,1179,787,0,0.45686680469289165,0.35958718087995656,0.4024316109422492,8.25500000000001
2017,RF_regressor_safra_temp,8.85434194887502,0.49997380655974766,8.85434194887502,12.318551731632484,976,1126,1194,0,0.4497695852534562,0.4643196955280685,0.45692883895131087,6.25
2018,RF_regressor_safra_temp,16.13878673581644,0.297524296644866,16.13878673581644,21.06686963601783,315,333,867,0,0.26649746192893403,0.4861111111111111,0.34426229508196726,13.795000000000002
2019,RF_regressor_safra_temp,15.90961472692916,0.31121868010526754,15.90961472692916,21.069718307731787,542,1314,564,0,0.49005424954792043,0.2920258620689655,0.36596893990546925,12.216416666666674
2020,RF_regressor_safra_temp,12.91402790014188,-0.3161302013241041,12.91402790014188,17.088900242993933,690,2013,745,0,0.4808362369337979,0.25527192008879024,0.33349444175930404,9.814083333333329
2021,RF_regressor_safra_temp,16.338139556527857,0.559235249357684,16.338139556527857,21.028270524964515,98,405,183,0,0.3487544483985765,0.19483101391650098,0.24999999999999994,11.763000000000005
2022,RF_regressor_safra_temp,8.2492,0.0,8.2492,9.136825433376737,0,41,9,0,0.0,0.0,0.0,6.980000000000004
2004,RF_regressao_talhao_temp,12.383319518791888,-0.19150821545386942,12.383319518791888,15.82292338399901,589,835,1621,0,0.2665158371040724,0.413623595505618,0.3241607044578977,9.459999999999994
2005,RF_regressao_talhao_temp,11.856330220341423,-0.2913253730402203,11.856330220341423,14.822270689954834,1034,1775,3354,0,0.23564266180492252,0.36810252758988965,0.28734194803390306,10.099999999999994
2006,RF_regressao_talhao_temp,11.004971664066188,0.058183661161759215,11.004971664066188,14.422378119048425,3870,5767,7807,0,0.33142074162884305,0.4015772543322611,0.36314159707234683,8.591250000000002
2007,RF_regressao_talhao_temp,10.481104970412659,-0.029571065560280996,10.481104970412659,14.490884282713868,8057,11138,12765,0,0.3869464988953991,0.41974472518885125,0.4026788614838694,7.079999999999998
2008,RF_regressao_talhao_temp,11.276151916894436,-0.024246684624747994,11.276151916894436,15.609961307120281,12327,22783,14677,0,0.45648792771441266,0.35109655368840786,0.39691534919663846,7.909999999999997
2009,RF_regressao_talhao_temp,10.298866348497299,0.10402083832079112,10.298866348497299,13.697431495711095,1736,2697,2571,0,0.4030647782679359,0.3916083916083916,0.397254004576659,7.534844017094009
2010,RF_regressao_talhao_temp,11.735054724601587,0.17626843792562585,11.735054724601587,17.39121598186876,2609,4229,2160,0,0.5470748584608933,0.38154431120210586,0.44955630223141213,6.14424836601308
2011,RF_regressao_talhao_temp,15.912996741221741,-0.6548227629130079,15.912996741221741,20.58016722247925,71,158,311,0,0.18586387434554974,0.31004366812227074,0.23240589198036007,12.162500000000001
2012,RF_regressao_talhao_temp,11.604735743582149,-0.02443617268441378,11.604735743582149,15.916639715123635,823,1714,891,0,0.48016336056009334,0.32439889633425306,0.387203011056222,8.86227489177491
2013,RF_regressao_talhao_temp,9.936198079131144,-0.7734327339205551,9.936198079131144,13.049962031288311,463,991,871,0,0.34707646176911544,0.3184319119669876,0.3321377331420373,7.711875000000006
2014,RF_regressao_talhao_temp,10.943099004850682,0.15926106522621641,10.943099004850682,14.181662746187467,489,802,1131,0,0.30185185185185187,0.3787761425251743,0.3359670216420474,8.606297348484851
2015,RF_regressao_talhao_temp,10.875260646873585,0.2637714993236665,10.875260646873585,14.042888441993249,514,1091,1061,0,0.32634920634920633,0.3202492211838006,0.32327044025157226,9.069999999999993
2016,RF_regressao_talhao_temp,10.842777015035875,0.11029016679170855,10.842777015035875,14.582756572079585,554,1116,958,0,0.3664021164021164,0.3317365269461078,0.34820867379006915,7.991500000000002
2017,RF_regressao_talhao_temp,7.883465608323294,-0.012910690177355466,7.883465608323294,10.98382783732297,1133,1234,929,0,0.549466537342386,0.47866497676383607,0.5116279069767441,5.3700000000000045
2018,RF_regressao_talhao_temp,12.182977975933106,0.07125253062951442,12.182977975933106,16.775056972453207,338,409,768,0,0.30560578661844484,0.4524765729585007,0.3648138154344307,7.650000000000006
2019,RF_regressao_talhao_temp,14.193628766057065,-0.12622976511406137,14.193628766057065,19.09643046239435,473,1331,616,0,0.43434343434343436,0.2621951219512195,0.3269961977186312,10.224380952380947
2020,RF_regressao_talhao_temp,10.86408157598693,-0.03218829860187333,10.86408157598693,14.7505279608184,853,1719,876,0,0.4933487565066512,0.33164852255054433,0.39665194140897464,7.178333333333342
2021,RF_regressao_talhao_temp,16.743135337694376,-1.1098806461199504,16.743135337694376,22.885392927680773,100,373,213,0,0.3194888178913738,0.21141649048625794,0.2544529262086514,10.74666666666667
2022,RF_regressao_talhao_temp,5.496746666666666,0.0,5.496746666666666,7.4216900641146255,21,7,22,0,0.4883720930232558,0.75,0.5915492957746479,3.5450000000000017
2004,XGBoost_regressao_talhao_temp,12.510272327041,-0.18921113014221191,12.510272327041,15.807665121549771,564,885,1596,0,0.2611111111111111,0.38923395445134573,0.31255195344970904,10.265708923339844
2005,XGBoost_regressao_talhao_temp,12.461742460543936,-0.4592336416244507,12.461742460543936,15.756484549284094,1032,1504,3627,0,0.2215067611075338,0.4069400630914827,0.28686587908269634,10.05621337890625
2006,XGBoost_regressao_talhao_temp,10.594245085118152,0.10869139432907104,10.594245085118152,14.030327663736273,3792,6042,7610,0,0.3325732327661814,0.38560097620500305,0.35712940290073464,7.673877716064453
2007,XGBoost_regressao_talhao_temp,9.577315253161071,0.1065855622291565,9.577315253161071,13.498739517257901,9122,11258,11580,0,0.440633755192735,0.44759568204121686,0.4440874348863249,5.752204895019531
2008,XGBoost_regressao_talhao_temp,10.549432793401428,0.08288353681564331,10.549432793401428,14.771064977915318,13030,22185,14572,0,0.47206724150423884,0.37001277864546356,0.41485585112310364,6.942047119140625
2009,XGBoost_regressao_talhao_temp,11.328564133527005,-0.04335665702819824,11.328564133527005,14.781094702693965,1511,3076,2417,0,0.38467413441955195,0.32940919991279705,0.3549031121550206,8.455123901367188
2010,XGBoost_regressao_talhao_temp,11.978083798132305,0.2109156847000122,11.978083798132305,17.02153791934028,2359,4856,1783,0,0.5695316272332207,0.32695772695772696,0.41542660913973767,7.086021423339844
2011,XGBoost_regressao_talhao_temp,13.327203312626592,-0.36339056491851807,13.327203312626592,18.68027540252491,148,71,321,0,0.31556503198294245,0.6757990867579908,0.4302325581395349,9.19024658203125
2012,XGBoost_regressao_talhao_temp,10.787374497572767,0.10927128791809082,10.787374497572767,14.841631633858348,815,1873,740,0,0.5241157556270096,0.30319940476190477,0.38416214942257837,8.072822570800781
2013,XGBoost_regressao_talhao_temp,8.836319693288495,-0.49180424213409424,8.836319693288495,11.968999345727553,622,900,803,0,0.43649122807017543,0.40867279894875164,0.4221241940956905,6.4725799560546875
2014,XGBoost_regressao_talhao_temp,10.393870603339323,0.22169917821884155,10.393870603339323,13.644898886714781,556,860,1006,0,0.3559539052496799,0.3926553672316384,0.3734049697783748,7.811931610107422
2015,XGBoost_regressao_talhao_temp,10.97094255520362,0.24832576513290405,10.97094255520362,14.189429620056535,523,1240,903,0,0.3667601683029453,0.2966534316505956,0.3280025086233929,9.221626281738281
2016,XGBoost_regressao_talhao_temp,10.336349527948341,0.15629249811172485,10.336349527948341,14.20075305985658,679,1125,824,0,0.4517631403858949,0.3763858093126386,0.4106440882975506,7.052242279052734
2017,XGBoost_regressao_talhao_temp,7.97982965048077,-0.02270674705505371,7.97982965048077,11.03681278015726,1016,1542,738,0,0.5792474344355758,0.3971853010164191,0.47124304267161415,5.639507293701172
2018,XGBoost_regressao_talhao_temp,11.419290737743818,0.16928035020828247,11.419290737743818,15.865086542556261,406,423,686,0,0.3717948717948718,0.4897466827503016,0.42269651223321186,6.8892822265625
2019,XGBoost_regressao_talhao_temp,13.546369839502761,-0.05010640621185303,13.546369839502761,18.439764010581353,503,1396,521,0,0.4912109375,0.26487625065824116,0.34416695176188844,8.791923522949219
2020,XGBoost_regressao_talhao_temp,10.319062449815931,0.008796274662017822,10.319062449815931,14.454716585636532,1065,1641,742,0,0.5893746541228556,0.39356984478935697,0.47196986483492137,6.253883361816406
2021,XGBoost_regressao_talhao_temp,14.3407862805069,-0.296488881111145,14.3407862805069,17.939643069096224,132,379,175,0,0.42996742671009774,0.2583170254403131,0.32273838630806845,13.44974136352539
2022,XGBoost_regressao_talhao_temp,7.6104278564453125,0.0,7.6104278564453125,8.657789262013203,11,5,34,0,0.24444444444444444,0.6875,0.360655737704918,8.608821868896484
2004,XGB_regressor_safra_temp,11.238744077384961,0.07349568605422974,11.238744077384961,14.360216649020794,578,902,1565,0,0.269715352309846,0.39054054054054055,0.31907259177477226,8.921249389648438
2005,XGB_regressor_safra_temp,10.172037072949996,0.7565147876739502,10.172037072949996,13.394597184076714,1283,1780,3100,0,0.29272187999087385,0.4188703885079987,0.34461455815202796,7.54852294921875
2006,XGB_regressor_safra_temp,9.617692610616668,-0.1518418788909912,9.617692610616668,12.706710189827277,4154,5017,8273,0,0.33427214935221694,0.4529495147748337,0.38466524678210945,7.055084228515625
2007,XGB_regressor_safra_temp,12.497451695333584,0.34502339363098145,12.497451695333584,15.647412456869235,5398,19448,7114,0,0.43142583120204603,0.21725831119697336,0.2889876331709406,10.882469177246094
2008,XGB_regressor_safra_temp,13.832493912010722,0.040614426136016846,13.832493912010722,18.245149336380248,8631,34699,6457,0,0.5720440084835631,0.19919224555735057,0.2954911157519942,10.835525512695312
2009,XGB_regressor_safra_temp,10.265203085985952,0.5742152333259583,10.265203085985952,14.13998800279998,1715,2457,2832,0,0.37717176160105564,0.4110738255033557,0.39339373781396947,6.959831237792969
2010,XGB_regressor_safra_temp,12.402241862225623,0.199870765209198,12.402241862225623,16.976872826826966,2031,4249,2718,0,0.42766898294377764,0.3234076433121019,0.3683017499319975,8.102157592773438
2011,XGB_regressor_safra_temp,17.51375408879033,0.5241539478302002,17.51375408879033,23.577391510907958,103,90,347,0,0.2288888888888889,0.533678756476684,0.3203732503888025,15.043022155761719
2012,XGB_regressor_safra_temp,10.51599320063374,0.3352511525154114,10.51599320063374,14.238810297546944,789,1881,758,0,0.5100193923723335,0.2955056179775281,0.374199668010434,7.4199676513671875
2013,XGB_regressor_safra_temp,9.816546808058217,0.7060205936431885,9.816546808058217,13.587404169568423,519,1208,598,0,0.4646374216651746,0.3005211349160394,0.3649789029535865,6.3318328857421875
2014,XGB_regressor_safra_temp,9.806724806643045,0.37903058528900146,9.806724806643045,12.874812626513028,658,687,1077,0,0.3792507204610951,0.48921933085501856,0.42727272727272725,7.612361907958984
2015,XGB_regressor_safra_temp,13.076950252100836,-0.9918843507766724,13.076950252100836,17.261810872933314,539,611,1516,0,0.262287104622871,0.46869565217391307,0.3363494539781591,10.4993896484375
2016,XGB_regressor_safra_temp,9.47452584067799,0.49335378408432007,9.47452584067799,12.597954955235295,638,1070,920,0,0.40949935815147626,0.373536299765808,0.3906919779546847,6.9450531005859375
2017,XGB_regressor_safra_temp,6.929869022184206,0.6715627908706665,6.929869022184206,9.983652297032428,1071,1162,1063,0,0.5018744142455482,0.47962382445141066,0.4904969086329288,4.5728607177734375
2018,XGB_regressor_safra_temp,15.947017470759526,0.39396047592163086,15.947017470759526,19.567476327465428,147,281,1087,0,0.11912479740680713,0.34345794392523366,0.1768953068592058,13.524200439453125
2019,XGB_regressor_safra_temp,13.137344997185322,0.556796133518219,13.137344997185322,16.90128961394649,442,1377,601,0,0.42377756471716205,0.24299065420560748,0.3088749126484976,9.927398681640625
2020,XGB_regressor_safra_temp,10.455980002188626,0.19140714406967163,10.455980002188626,13.39459635641169,691,1903,854,0,0.44724919093851134,0.2663839629915189,0.33389707658854795,7.774055480957031
2021,XGB_regressor_safra_temp,16.140884432778762,0.6413047313690186,16.140884432778762,18.969808164511615,63,420,203,0,0.23684210526315788,0.13043478260869565,0.16822429906542055,14.885055541992188
2022,XGB_regressor_safra_temp,5.294545440673828,0.0,5.294545440673828,6.607066313851828,16,7,27,0,0.37209302325581395,0.6956521739130435,0.48484848484848486,4.001293182373047
2004,XGB_classificador,5.7272727272727275,0.7247961521148681,0.17525636376099574,0.2622889554636921,227,111,281,2426,0.4468503937007874,0.6715976331360947,0.5366430260047281,0.17525636376099574
2005,XGB_classificador,7.809523809523809,0.7315859436988831,0.17269785135342203,0.259033481968191,438,334,536,4855,0.44969199178644764,0.5673575129533679,0.5017182130584192,0.17269785135342203
2006,XGB_classificador,6.333333333333333,0.7290416836738587,0.17348110242149312,0.26025958644294644,1515,1162,1138,13629,0.5710516396532228,0.5659320134478895,0.5684803001876173,0.17348110242149312
2007,XGB_classificador,9.514898688915375,0.7289934515953064,0.1732971497194519,0.26028543612968996,3159,3302,980,24519,0.7632278328098574,0.48893360160965793,0.5960377358490566,0.1732971497194519
2008,XGB_classificador,7.238910505836576,0.7185860276222229,0.18048109184650082,0.2652284164637453,4741,4135,1559,39352,0.7525396825396825,0.5341369986480397,0.6248023194517659,0.18048109184650082
2009,XGB_classificador,7.662983425414365,0.7278055787086487,0.17376522343135645,0.2608524903804586,648,640,412,5304,0.6113207547169811,0.5031055900621118,0.5519591141396933,0.17376522343135645
2010,XGB_classificador,13.365079365079366,0.7313048243522644,0.17308158757241335,0.2591760570263674,954,1999,206,5839,0.8224137931034483,0.32306129359972907,0.46389496717724293,0.17308158757241335
2011,XGB_classificador,4.583333333333333,0.7226814866065979,0.17752658989741038,0.2632922043917512,38,19,42,441,0.475,0.6666666666666666,0.5547445255474452,0.17752658989741038
2012,XGB_classificador,12.285714285714286,0.7265071511268616,0.1753049850532685,0.26147401872580894,397,708,51,2272,0.8861607142857143,0.3592760180995475,0.5112685125563425,0.1753049850532685
2013,XGB_classificador,7.208955223880597,0.7256366968154907,0.1758398551829629,0.26187346178536614,252,172,48,1853,0.84,0.5943396226415094,0.6961325966850828,0.1758398551829629
2014,XGB_classificador,6.885245901639344,0.7258317708969116,0.17593225151249484,0.2617894028899306,216,151,140,1915,0.6067415730337079,0.5885558583106267,0.5975103734439835,0.17593225151249484
2015,XGB_classificador,8.6375,0.7240703344345093,0.17609025673525824,0.2626325234523795,283,367,141,1875,0.6674528301886793,0.43538461538461537,0.5270018621973929,0.17609025673525824
2016,XGB_classificador,7.779411764705882,0.7253365039825439,0.17668463465899487,0.2620316640228312,252,238,120,2018,0.6774193548387096,0.5142857142857142,0.5846867749419954,0.17668463465899487
2017,XGB_classificador,7.03125,0.7270512580871582,0.17534494906547385,0.2612170758452465,354,343,98,2501,0.7831858407079646,0.5078909612625538,0.6161879895561359,0.17534494906547385
2018,XGB_classificador,9.6,0.7260912179946899,0.17523004240157233,0.2616396891916706,140,177,92,1106,0.603448275862069,0.4416403785488959,0.5100182149362477,0.17523004240157233
2019,XGB_classificador,11.015625,0.7244474053382873,0.1763817640398781,0.2624429508897869,242,428,42,1708,0.852112676056338,0.3611940298507463,0.5073375262054507,0.1763817640398781
2020,XGB_classificador,11.452631578947368,0.7232734680175781,0.17695348457094073,0.2630186330011136,372,547,28,2501,0.93,0.4047878128400435,0.5640636846095527,0.17695348457094073
2021,XGB_classificador,12.666666666666666,0.7270147800445557,0.1757032409661959,0.2612221542074224,48,104,24,510,0.6666666666666666,0.3157894736842105,0.42857142857142855,0.1757032409661959
2022,XGB_classificador,,0.7231070399284363,0.17764286931411308,0.26308554973921866,0,0,8,42,0.0,0.0,0.0,0.17764286931411308
2004,XGB_classificador_temp,5.971830985915493,0.7999578356742859,0.13153000988073088,0.22362658129103977,247,90,261,2447,0.4862204724409449,0.7329376854599406,0.5846153846153846,0.13153000988073088
2005,XGB_classificador_temp,7.796875,0.8056864619255066,0.12927338841224037,0.2203983972560944,473,217,501,4972,0.4856262833675565,0.6855072463768116,0.5685096153846154,0.12927338841224037
2006,XGB_classificador_temp,6.530172413793103,0.8089793801307679,0.12817028390171833,0.21850783219969677,1632,621,1021,14170,0.6151526573690163,0.7243675099866844,0.6653077863840196,0.12817028390171833
2007,XGB_classificador_temp,11.352064220183486,0.8038020372390747,0.13154888983637408,0.22146385604197869,3305,2304,834,25517,0.798502053636144,0.5892315920841504,0.6780878128846942,0.13154888983637408
2008,XGB_classificador_temp,7.685867895545315,0.7978850603103638,0.13667124895454985,0.22476966946074506,5042,1995,1258,41492,0.8003174603174603,0.7164985078868836,0.7560920746794632,0.13667124895454985
2009,XGB_classificador_temp,7.699481865284974,0.8026826858520508,0.13078221155758935,0.22208278006598423,678,370,382,5574,0.6396226415094339,0.6469465648854962,0.6432637571157495,0.13078221155758935
2010,XGB_classificador_temp,14.217898832684824,0.8050884485244751,0.1302634809980977,0.22073837826403642,933,1310,227,6528,0.8043103448275862,0.4159607668301382,0.5483397002644725,0.1302634809980977
2011,XGB_classificador_temp,7.0,0.8003773331642151,0.13255897417281123,0.2233707877162098,40,12,40,448,0.5,0.7692307692307693,0.6060606060606061,0.13255897417281123
2012,XGB_classificador_temp,13.027027027027026,0.8011804461479187,0.13193592144409777,0.2229362062319989,410,530,38,2450,0.9151785714285714,0.43617021276595747,0.590778097982709,0.13193592144409777
2013,XGB_classificador_temp,9.075757575757576,0.7982595205307007,0.1328652764435336,0.22455404088982056,253,143,47,1882,0.8433333333333334,0.6388888888888888,0.7270114942528737,0.1328652764435336
2014,XGB_classificador_temp,7.338709677419355,0.7985705971717835,0.1333327894213788,0.2243798332134626,228,115,128,1951,0.6404494382022472,0.6647230320699709,0.6523605150214592,0.1333327894213788
2015,XGB_classificador_temp,8.234567901234568,0.7980639457702636,0.13314254445955673,0.2246687479711206,292,227,132,2015,0.6886792452830188,0.5626204238921002,0.6193001060445388,0.13314254445955673
2016,XGB_classificador_temp,8.068493150684931,0.8024925470352173,0.13173566838429146,0.22218881781371375,271,138,101,2118,0.728494623655914,0.6625916870415648,0.6939820742637643,0.13173566838429146
2017,XGB_classificador_temp,8.628865979381443,0.7989826798439026,0.13230460218484552,0.2241703786135953,356,193,96,2651,0.7876106194690266,0.6484517304189436,0.7112887112887112,0.13230460218484552
2018,XGB_classificador_temp,9.904761904761905,0.8018486142158509,0.13156118110486523,0.22252363297030137,154,135,78,1148,0.6637931034482759,0.532871972318339,0.5911708253358924,0.13156118110486523
2019,XGB_classificador_temp,12.36923076923077,0.8002213358879089,0.13260878193496048,0.22345435933712537,254,245,30,1891,0.8943661971830986,0.5090180360721442,0.648786717752235,0.13260878193496048
2020,XGB_classificador_temp,12.690721649484535,0.7989725828170776,0.13283854535603695,0.2241752448861154,377,328,23,2720,0.9425,0.5347517730496454,0.6823529411764705,0.13283854535603695
2021,XGB_classificador_temp,14.117647058823529,0.798226261138916,0.13338994180696756,0.2245572798829393,65,71,7,543,0.9027777777777778,0.47794117647058826,0.625,0.13338994180696756
2022,XGB_classificador_temp,9.0,0.7974802613258362,0.13319939534028774,0.22500293332913,6,3,2,39,0.75,0.6666666666666666,0.7058823529411765,0.13319939534028774
2004,XGB_regressor_safra,14.040002248479032,-0.3736753463745117,14.040002248479032,17.485551455914283,398,1103,1544,0,0.20494335736354274,0.26515656229180545,0.23119372640139413,12.447723388671875
2005,XGB_regressor_safra,17.585045473617757,0.1777222752571106,17.585045473617757,24.615156764289786,880,2427,2856,0,0.23554603854389722,0.2661022074387663,0.24989351128780357,11.9608154296875
2006,XGB_regressor_safra,16.495700591257258,-2.2525107860565186,16.495700591257258,21.352368459461765,2345,5224,9875,0,0.19189852700490997,0.30981635618972125,0.23700035373187125,13.383602142333984
2007,XGB_regressor_safra,23.07987628621661,-1.0317041873931885,23.07987628621661,27.558772810260336,2817,24756,4387,0,0.3910327595780122,0.10216516157110217,0.16200362308422234,22.40887451171875
2008,XGB_regressor_safra,40.771825178783345,-4.960661888122559,40.771825178783345,45.477655786267086,1164,46541,2082,0,0.3585951940850277,0.024399958075673408,0.04569095797923495,41.97743225097656
2009,XGB_regressor_safra,21.836060917765533,-1.0729470252990723,21.836060917765533,31.199532432980273,830,891,5283,0,0.1357762146245706,0.4822777454968042,0.2118968598417156,16.6776123046875
2010,XGB_regressor_safra,18.998305702082288,-0.5298677682876587,18.998305702082288,23.474944247300257,884,4131,3983,0,0.181631395109924,0.17627118644067796,0.1789111515887472,16.905967712402344
2011,XGB_regressor_safra,35.93803093521683,-0.34078919887542725,35.93803093521683,39.57699055196223,18,224,298,0,0.056962025316455694,0.0743801652892562,0.06451612903225806,35.63334655761719
2012,XGB_regressor_safra,15.271503070132457,-0.34458231925964355,15.271503070132457,20.250632907968093,464,1257,1707,0,0.21372639336711194,0.2696106914584544,0.23843782117163412,12.43023681640625
2013,XGB_regressor_safra,23.082408276629703,-0.42804110050201416,23.082408276629703,29.94665739354546,242,1620,463,0,0.3432624113475177,0.12996777658431793,0.18854694195559016,16.824111938476562
2014,XGB_regressor_safra,19.86303886709678,-1.369476556777954,19.86303886709678,25.1496546281821,204,419,1799,0,0.1018472291562656,0.3274478330658106,0.15536938309215537,15.579940795898438
2015,XGB_regressor_safra,39.13025575138444,-11.785341262817383,39.13025575138444,43.733120637975674,52,19,2595,0,0.019644880997355497,0.7323943661971831,0.03826342899190582,38.39064025878906
2016,XGB_regressor_safra,14.621254713386524,-0.14479506015777588,14.621254713386524,18.937015083351344,371,966,1291,0,0.22322503008423586,0.2774869109947644,0.2474158052684228,11.606254577636719
2017,XGB_regressor_safra,14.798434565368208,-0.02930617332458496,14.798434565368208,17.674028417358738,294,1876,1126,0,0.20704225352112676,0.13548387096774195,0.1637883008356546,13.635013580322266
2018,XGB_regressor_safra,51.129382631408895,-3.979370594024658,51.129382631408895,56.088206394073296,19,18,1478,0,0.012692050768203072,0.5135135135135135,0.02477183833116036,52.96240234375
2019,XGB_regressor_safra,16.85067084131162,0.32758843898773193,16.85067084131162,20.8178387257618,253,1330,837,0,0.23211009174311928,0.15982312065698043,0.18930041152263374,14.461585998535156
2020,XGB_regressor_safra,15.855408675156172,-0.6868729591369629,15.855408675156172,19.34665332459512,420,1507,1521,0,0.21638330757341576,0.21795537104307214,0.21716649431230609,14.361595153808594
2021,XGB_regressor_safra,27.477454738783766,0.10656404495239258,27.477454738783766,29.938623811763584,34,412,240,0,0.12408759124087591,0.07623318385650224,0.09444444444444444,29.42371368408203
2022,XGB_regressor_safra,41.79015869140625,0.0,41.79015869140625,42.04647546785059,0,0,50,0,0.0,0.0,0.0,42.32575225830078
2004,RF_regressor_safra,15.28006049503518,-0.641746458635017,15.28006049503518,19.11570444973295,293,1242,1510,0,0.1625069328896284,0.19087947882736156,0.17555422408627921,12.474999999999994
2005,RF_regressor_safra,18.599917957791202,0.07780435719342038,18.599917957791202,26.06782908524626,682,2832,2649,0,0.20474332032422696,0.19408081957882756,0.19926953981008033,12.754999999999995
2006,RF_regressor_safra,15.191239800275765,-1.8844833352012156,15.191239800275765,20.10808482559126,2614,6186,8644,0,0.23219044235210518,0.29704545454545456,0.2606441320171503,11.742999999999995
2007,RF_regressor_safra,27.12367567804143,-1.8381072054185763,27.12367567804143,32.57197170592364,2298,25441,4221,0,0.35250805338242064,0.0828436497350301,0.13415844474283378,26.39500000000001
2008,RF_regressor_safra,43.944914873823684,-5.816404451724975,43.944914873823684,48.632711290761605,786,47275,1726,0,0.31289808917197454,0.01635421651651027,0.031083779882546028,45.05000000000001
2009,RF_regressor_safra,20.353072247464436,-0.9418299624000035,20.353072247464436,30.196706658311722,823,2096,4085,0,0.16768541157294214,0.28194587187392944,0.21029768749201483,13.954999999999998
2010,RF_regressor_safra,19.607625746700315,-0.7243804160310969,19.607625746700315,24.922647571401946,1056,4632,3310,0,0.2418689876316995,0.18565400843881857,0.2100656455142232,16.615499999999983
2011,RF_regressor_safra,36.25840313051146,-0.4320222552981121,36.25840313051146,40.90132917691626,11,241,288,0,0.03678929765886288,0.04365079365079365,0.039927404718693285,34.488
2012,RF_regressor_safra,16.242566022797675,-0.5154779207156546,16.242566022797675,21.499072168792253,423,1417,1588,0,0.2103431128791646,0.2298913043478261,0.21968319916904702,13.35875
2013,RF_regressor_safra,28.552570444927728,-1.145176096879983,28.552570444927728,36.70366794698245,158,1722,445,0,0.2620232172470978,0.08404255319148936,0.12726540475231576,22.424999999999997
2014,RF_regressor_safra,16.276029564464103,-0.8105190884254023,16.276029564464103,21.984032906251127,371,644,1407,0,0.20866141732283464,0.36551724137931035,0.2656641604010025,11.84833333333333
2015,RF_regressor_safra,34.17798468953605,-8.850969903516388,34.17798468953605,38.38785136309882,45,100,2521,0,0.017537022603273576,0.3103448275862069,0.033198081888601995,33.50749999999999
2016,RF_regressor_safra,14.569482845342788,-0.08830806365015942,14.569482845342788,18.463905598790692,316,1049,1263,0,0.20012666244458518,0.2315018315018315,0.21467391304347827,12.325833333333335
2017,RF_regressor_safra,18.31044061112865,-0.8372011044722867,18.31044061112865,23.61248108552845,447,1214,1635,0,0.21469740634005763,0.2691149909692956,0.238845845578413,13.853749999999991
2018,RF_regressor_safra,47.99109496906381,-3.718661831028446,47.99109496906381,54.60014310641119,51,51,1413,0,0.03483606557377049,0.5,0.06513409961685823,49.988
2019,RF_regressor_safra,18.7652730147726,0.21372079660399979,18.7652730147726,22.51160416370149,243,1536,641,0,0.2748868778280543,0.13659359190556492,0.1825009387908374,17.74000000000001
2020,RF_regressor_safra,17.37510832583952,-1.0609233803088634,17.37510832583952,21.384328147262107,320,1833,1295,0,0.19814241486068113,0.14862981885740828,0.16985138004246286,15.884999999999991
2021,RF_regressor_safra,30.32623421954529,-0.2192357100717559,30.32623421954529,34.97389202744302,58,455,173,0,0.2510822510822511,0.11306042884990253,0.15591397849462366,30.53224999999999
2022,RF_regressor_safra,45.803133333333335,0.0,45.803133333333335,47.885888123050755,0,0,50,0,0.0,0.0,0.0,50.25999999999999
2004,XGBoost_regressao_talhao,12.522835991770176,-0.19823384284973145,12.522835991770176,15.867519202076677,552,897,1596,0,0.2569832402234637,0.38095238095238093,0.30692243536280234,9.900962829589844
2005,XGBoost_regressao_talhao,12.075341190781934,-0.37588369846343994,12.075341190781934,15.299871242675419,1198,1627,3338,0,0.2641093474426808,0.424070796460177,0.32549925281891046,10.125473022460938
2006,XGBoost_regressao_talhao,10.97479181348717,0.04997050762176514,10.97479181348717,14.48512714546008,3756,5875,7813,0,0.3246607312645864,0.3899906551759942,0.3543396226415094,7.858367919921875
2007,XGBoost_regressao_talhao,10.102875477858866,0.05771547555923462,10.102875477858866,13.86301628090302,7782,11989,12189,0,0.3896650142706925,0.3936067978352132,0.39162598762014994,6.6690216064453125
2008,XGBoost_regressao_talhao,11.223613171027033,0.0013116002082824707,11.223613171027033,15.413971984066741,11257,24649,13881,0,0.4478080992919087,0.31351306188380773,0.36881593604613067,7.7028656005859375
2009,XGBoost_regressao_talhao,11.099118338932929,-0.013919591903686523,11.099118338932929,14.571086671570423,1447,2993,2564,0,0.3607579157317377,0.3259009009009009,0.34244468110282805,8.275165557861328
2010,XGBoost_regressao_talhao,12.284392883205816,0.19470489025115967,12.284392883205816,17.195492927198803,2156,5052,1790,0,0.5463760770400405,0.2991120976692564,0.3865877712031558,7.465888977050781
2011,XGBoost_regressao_talhao,14.57151976691352,-0.5350571870803833,14.57151976691352,19.821450770975513,108,108,324,0,0.25,0.5,0.3333333333333333,10.670608520507812
2012,XGBoost_regressao_talhao,11.424548977036181,0.0476265549659729,11.424548977036181,15.346613872245397,678,1988,762,0,0.4708333333333333,0.25431357839459867,0.3302484169508037,8.51690673828125
2013,XGBoost_regressao_talhao,9.3040894293016,-0.6222470998764038,9.3040894293016,12.481317115315978,538,1006,781,0,0.40788476118271416,0.3484455958549223,0.3758295494236814,6.6788330078125
2014,XGBoost_regressao_talhao,10.825889779554725,0.2012982964515686,10.825889779554725,13.822573094514222,455,848,1119,0,0.28907242693773827,0.34919416730621644,0.31630170316301703,8.411445617675781
2015,XGBoost_regressao_talhao,10.958782190321445,0.2526472806930542,10.958782190321445,14.148583032790636,512,1199,955,0,0.34901158827539197,0.2992402104032729,0.32221522970421645,8.948593139648438
2016,XGBoost_regressao_talhao,10.688678120187792,0.1473844051361084,10.688678120187792,14.275523124335619,604,1216,808,0,0.42776203966005666,0.33186813186813185,0.37376237623762376,7.803316116333008
2017,XGBoost_regressao_talhao,8.136186563852922,-0.005418658256530762,8.136186563852922,10.943130978784492,865,1548,883,0,0.4948512585812357,0.35847492747617077,0.41576544099975976,5.975841522216797
2018,XGBoost_regressao_talhao,11.562191508075978,0.181235671043396,11.562191508075978,15.750511347651056,348,453,714,0,0.327683615819209,0.4344569288389513,0.3735909822866344,7.197181701660156
2019,XGBoost_regressao_talhao,14.082014265139241,-0.05941665172576904,14.082014265139241,18.52132663443239,432,1390,598,0,0.41941747572815535,0.23710208562019758,0.302945301542777,10.087715148925781
2020,XGBoost_regressao_talhao,11.09809530085588,-0.0726088285446167,11.09809530085588,15.036570359188776,933,1857,658,0,0.5864236329352609,0.33440860215053764,0.42593015293312037,7.319721221923828
2021,XGBoost_regressao_talhao,14.602476993038078,-0.2993311882019043,14.602476993038078,17.959297436006903,114,449,123,0,0.4810126582278481,0.2024866785079929,0.285,13.448692321777344
2022,XGBoost_regressao_talhao,7.383222808837891,0.0,7.383222808837891,8.650581850500517,14,2,34,0,0.2916666666666667,0.875,0.43750000000000006,9.310070037841797
2004,RF_regressao_talhao,12.477191273607769,-0.21023970538250536,12.477191273607769,15.946813060905008,545,902,1598,0,0.2543163789080728,0.3766413268832066,0.3036211699164345,9.534999999999997
2005,RF_regressao_talhao,11.893531679390055,-0.34807044108980945,11.893531679390055,15.144439027642584,1128,2116,2919,0,0.2787249814677539,0.3477188655980271,0.3094225757783569,9.909999999999997
2006,RF_regressao_talhao,11.352169371851435,-0.006652309872742457,11.352169371851435,14.910544887510738,3594,5906,7944,0,0.31149245969838796,0.3783157894736842,0.34166745888392436,8.735
2007,RF_regressao_talhao,10.652410057281065,-0.038979349921436146,10.652410057281065,14.556943014135529,7473,12831,11656,0,0.3906633906633907,0.3680555555555556,0.37902264600715135,7.189999999999998
2008,RF_regressao_talhao,12.110703008435792,-0.17725896703942157,12.110703008435792,16.735378790680436,12345,24273,13169,0,0.4838520028219801,0.337129280681632,0.3973797720981137,8.739999999999995
2009,RF_regressao_talhao,10.713101836069157,0.04317117218063826,10.713101836069157,14.15491638495681,1572,2844,2588,0,0.3778846153846154,0.35597826086956524,0.3666044776119403,8.109390151515143
2010,RF_regressao_talhao,12.516910715016406,0.12668912106121655,12.516910715016406,17.906946265679537,2237,4681,2080,0,0.5181839240213111,0.3233593524139925,0.39821984868713844,7.2008333333333425
2011,RF_regressao_talhao,16.584344926369923,-0.7850545576683474,16.584344926369923,21.374644645243144,59,121,360,0,0.14081145584725538,0.3277777777777778,0.1969949916527546,13.21116666666667
2012,RF_regressao_talhao,12.007343113385808,-0.04646492290924997,12.007343113385808,16.08685958655229,656,1906,866,0,0.43101182654402104,0.25604996096799376,0.32125367286973555,9.311250000000001
2013,RF_regressao_talhao,10.450454210596522,-0.8541804339351602,10.450454210596522,13.343749636213415,390,1138,797,0,0.32855939342881213,0.25523560209424084,0.287292817679558,8.650000000000006
2014,RF_regressao_talhao,11.141174153785792,0.12447297010535574,11.141174153785792,14.472093255739052,515,812,1095,0,0.3198757763975155,0.38809344385832706,0.35069799114742933,8.903404761904767
2015,RF_regressao_talhao,10.755156619682984,0.27083045751566104,10.755156619682984,13.975404693079991,539,1092,1035,0,0.34243964421855144,0.33047210300429186,0.33634945397815913,8.849999999999998
2016,RF_regressao_talhao,11.234751338691888,0.08124684866981469,11.234751338691888,14.818861937067231,506,1221,901,0,0.35963041933191187,0.2929936305732484,0.3229100191448627,8.760000000000005
2017,RF_regressao_talhao,8.375045442301687,-0.08161977666034681,8.375045442301687,11.350250576814107,951,1453,892,0,0.5160065111231688,0.3955906821963394,0.44784553802684246,6.131666666666668
2018,RF_regressao_talhao,12.801172022731787,0.0030553593780807686,12.801172022731787,17.38003727820784,311,420,784,0,0.28401826484018267,0.42544459644322846,0.34063526834611174,8.379999999999995
2019,RF_regressao_talhao,14.779147413592195,-0.1990170433890699,14.779147413592195,19.70386273654143,438,1459,523,0,0.4557752341311134,0.23089088033737482,0.3065080475857243,10.28953282828283
2020,RF_regressao_talhao,11.458040554904432,-0.1297630735074251,11.458040554904432,15.43198481467377,873,1842,733,0,0.5435865504358655,0.32154696132596683,0.40407313121962507,7.890000000000001
2021,RF_regressao_talhao,18.75399811147584,-1.4316163067836074,18.75399811147584,24.568404441218387,55,458,173,0,0.2412280701754386,0.10721247563352826,0.14844804318488528,13.971000000000004
2022,RF_regressao_talhao,6.143041538461539,0.0,6.143041538461539,8.26751875973901,20,3,27,0,0.425531914893617,0.8695652173913043,0.5714285714285714,4.03125
2004,XGB_classificador_temp,6.2898550724637685,0.7829928874969483,0.14160027472971307,0.2329157566793829,235,60,273,2477,0.4625984251968504,0.7966101694915254
2005,XGB_classificador_temp,7.992248062015504,0.7869590282440185,0.13974488461671503,0.23077393761679468,474,115,500,5074,0.486652977412731,0.8047538200339559
2006,XGB_classificador_temp,6.769230769230769,0.7895230770111084,0.1386988938065778,0.22937695047560153,1520,438,1133,14353,0.5729362985299661,0.7763023493360572
2007,XGB_classificador_temp,11.448275862068966,0.7853715181350708,0.1423317395879479,0.23163716018080707,3211,1669,928,26152,0.7757912539260691,0.6579918032786886
2008,XGB_classificador_temp,7.216756341275942,0.7786169528961182,0.14779781451243998,0.235246173371511,5011,1577,1289,41910,0.7953968253968254,0.7606253794778385
2009,XGB_classificador_temp,7.71578947368421,0.7836511731147766,0.1415314194621871,0.23253937107938333,646,222,414,5722,0.6094339622641509,0.7442396313364056
2010,XGB_classificador_temp,14.905882352941177,0.7869220614433289,0.14033822632916956,0.23079404191318803,946,1049,214,6789,0.8155172413793104,0.4741854636591479
2011,XGB_classificador_temp,5.25,0.780162763595581,0.1435360631411711,0.23441770224058125,40,8,40,452,0.5,0.8333333333333334
2012,XGB_classificador_temp,13.306306306306306,0.7805252075195312,0.1431633043899758,0.23423046286638707,402,449,46,2531,0.8973214285714286,0.47238542890716806
2013,XGB_classificador_temp,7.882352941176471,0.7790477871894836,0.1434607073901915,0.23500550932266653,256,43,44,1982,0.8533333333333334,0.8561872909698997
2014,XGB_classificador_temp,6.609375,0.7794662594795227,0.1440917666710244,0.2347840062361116,223,78,133,1988,0.6264044943820225,0.7408637873754153
2015,XGB_classificador_temp,8.36,0.7800346970558166,0.1433508310168664,0.23448078627840152,264,164,160,2078,0.6226415094339622,0.616822429906542
2016,XGB_classificador_temp,7.9324324324324325,0.7824841141700745,0.14254078667759412,0.2331633102054858,262,94,110,2162,0.7043010752688172,0.7359550561797753
2017,XGB_classificador_temp,7.989795918367347,0.7803668022155762,0.1426541822390901,0.23432238082380996,352,120,100,2724,0.7787610619469026,0.7457627118644068
2018,XGB_classificador_temp,8.934782608695652,0.7827832937240601,0.1420557943770135,0.2329865156541618,146,95,86,1188,0.6293103448275862,0.6058091286307054
2019,XGB_classificador_temp,11.257575757575758,0.7810239553451538,0.1429633354052696,0.2339388621272441,244,183,40,1953,0.8591549295774648,0.5714285714285714
2020,XGB_classificador_temp,13.24742268041237,0.7798702001571656,0.14343714848323322,0.23458632122071615,364,249,36,2799,0.91,0.5938009787928222
2021,XGB_classificador_temp,13.470588235294118,0.7787150144577026,0.14429092190076098,0.2351785497967164,65,66,7,548,0.9027777777777778,0.4961832061068702
2022,XGB_classificador_temp,6.0,0.7785858631134033,0.14358160132464598,0.23526681938068733,6,1,2,41,0.75,0.8571428571428571
2004,XGB_classificador_temp,7.388888888888889,0.8097091913223267,0.10643274067701933,0.21810147072156902,252,103,256,2434,0.49606299212598426,0.7098591549295775
2005,XGB_classificador_temp,9.049645390070921,0.8127705693244934,0.10545883632701827,0.2163338163815764,480,277,494,4912,0.4928131416837782,0.6340819022457067
2006,XGB_classificador_temp,7.812865497076023,0.8173208713531495,0.1029549486173245,0.21367969628702016,1721,897,932,13894,0.6486995853750471,0.6573720397249809
2007,XGB_classificador_temp,13.114790286975717,0.8143150329589843,0.10476996847431701,0.21544973417382632,3363,2861,776,24960,0.8125151002657647,0.540327763496144
2008,XGB_classificador_temp,9.26602086438152,0.8080032110214234,0.1069416083666787,0.21906987341759132,5066,2424,1234,41063,0.8041269841269841,0.6763684913217624
2009,XGB_classificador_temp,8.454106280193237,0.8114341735839844,0.10581877160022819,0.21709281412482367,708,390,352,5554,0.6679245283018868,0.644808743169399
2010,XGB_classificador_temp,15.774436090225564,0.8140435695648194,0.10525308243544115,0.21560656326384725,974,1634,186,6204,0.8396551724137931,0.37346625766871167
2011,XGB_classificador_temp,7.0,0.8075617790222168,0.10844042076816007,0.2193111592537425,48,14,32,446,0.6,0.7741935483870968
2012,XGB_classificador_temp,14.803571428571429,0.8086237907409668,0.10759906959387289,0.21872225901499948,417,613,31,2367,0.9308035714285714,0.40485436893203886
2013,XGB_classificador_temp,10.485714285714286,0.8061117649078369,0.10863018528118869,0.22012056533751695,260,140,40,1885,0.8666666666666667,0.65
2014,XGB_classificador_temp,7.907692307692308,0.8053859353065491,0.10940076802489702,0.22054946643728135,237,118,119,1948,0.6657303370786517,0.6676056338028169
2015,XGB_classificador_temp,9.5125,0.8058436274528503,0.10882328788982143,0.22027690856622134,293,235,131,2007,0.6910377358490566,0.5549242424242424
2016,XGB_classificador_temp,9.866666666666667,0.8086407780647278,0.10746439344097461,0.21867916868422296,281,200,91,2056,0.7553763440860215,0.5841995841995842
2017,XGB_classificador_temp,9.45631067961165,0.8069636940956115,0.1078035083354335,0.2196740381402594,368,242,84,2602,0.8141592920353983,0.6032786885245902
2018,XGB_classificador_temp,11.130434782608695,0.8100348234176635,0.1072634084732157,0.2178604737576772,155,142,77,1141,0.6681034482758621,0.5218855218855218
2019,XGB_classificador_temp,14.279411764705882,0.8081361770629882,0.10808992019284118,0.218975934656721,256,291,28,1845,0.9014084507042254,0.4680073126142596
2020,XGB_classificador_temp,14.793814432989691,0.8067487597465515,0.10837476848801093,0.2197913949064021,376,405,24,2643,0.94,0.4814340588988476
2021,XGB_classificador_temp,13.5,0.8069481730461121,0.10891063064169867,0.2196243552490836,70,71,2,543,0.9722222222222222,0.49645390070921985
2022,XGB_classificador_temp,8.5,0.8069414734840393,0.10836215654063604,0.21968728820513364,7,4,1,38,0.875,0.6363636363636362005,XGB_regressor_safra,11.238744077384961,0.07349568605422974,11.238744077384961,14.360216649020794,578,902,1565,0,0.269715352309846,0.39054054054054055,0.31907259177477226,8.921249389648438
2006,XGB_regressor_safra,10.172037072949996,0.7565147876739502,10.172037072949996,13.394597184076714,1283,1780,3100,0,0.29272187999087385,0.4188703885079987,0.34461455815202796,7.54852294921875
2007,XGB_regressor_safra,9.617692610616668,-0.1518418788909912,9.617692610616668,12.706710189827277,4154,5017,8273,0,0.33427214935221694,0.4529495147748337,0.38466524678210945,7.055084228515625
2008,XGB_regressor_safra,12.497451695333584,0.34502339363098145,12.497451695333584,15.647412456869235,5398,19448,7114,0,0.43142583120204603,0.21725831119697336,0.2889876331709406,10.882469177246094
2009,XGB_regressor_safra,13.832493912010722,0.040614426136016846,13.832493912010722,18.245149336380248,8631,34699,6457,0,0.5720440084835631,0.19919224555735057,0.2954911157519942,10.835525512695312
2010,XGB_regressor_safra,10.265203085985952,0.5742152333259583,10.265203085985952,14.13998800279998,1715,2457,2832,0,0.37717176160105564,0.4110738255033557,0.39339373781396947,6.959831237792969
2011,XGB_regressor_safra,12.402241862225623,0.199870765209198,12.402241862225623,16.976872826826966,2031,4249,2718,0,0.42766898294377764,0.3234076433121019,0.3683017499319975,8.102157592773438
2012,XGB_regressor_safra,17.51375408879033,0.5241539478302002,17.51375408879033,23.577391510907958,103,90,347,0,0.2288888888888889,0.533678756476684,0.3203732503888025,15.043022155761719
2013,XGB_regressor_safra,10.51599320063374,0.3352511525154114,10.51599320063374,14.238810297546944,789,1881,758,0,0.5100193923723335,0.2955056179775281,0.374199668010434,7.4199676513671875
2014,XGB_regressor_safra,9.816546808058217,0.7060205936431885,9.816546808058217,13.587404169568423,519,1208,598,0,0.4646374216651746,0.3005211349160394,0.3649789029535865,6.3318328857421875
2015,XGB_regressor_safra,9.806724806643045,0.37903058528900146,9.806724806643045,12.874812626513028,658,687,1077,0,0.3792507204610951,0.48921933085501856,0.42727272727272725,7.612361907958984
2016,XGB_regressor_safra,13.076950252100836,-0.9918843507766724,13.076950252100836,17.261810872933314,539,611,1516,0,0.262287104622871,0.46869565217391307,0.3363494539781591,10.4993896484375
2017,XGB_regressor_safra,9.47452584067799,0.49335378408432007,9.47452584067799,12.597954955235295,638,1070,920,0,0.40949935815147626,0.373536299765808,0.3906919779546847,6.9450531005859375
2018,XGB_regressor_safra,6.929869022184206,0.6715627908706665,6.929869022184206,9.983652297032428,1071,1162,1063,0,0.5018744142455482,0.47962382445141066,0.4904969086329288,4.5728607177734375
2019,XGB_regressor_safra,15.947017470759526,0.39396047592163086,15.947017470759526,19.567476327465428,147,281,1087,0,0.11912479740680713,0.34345794392523366,0.1768953068592058,13.524200439453125
2020,XGB_regressor_safra,13.137344997185322,0.556796133518219,13.137344997185322,16.90128961394649,442,1377,601,0,0.42377756471716205,0.24299065420560748,0.3088749126484976,9.927398681640625
2021,XGB_regressor_safra,10.455980002188626,0.19140714406967163,10.455980002188626,13.39459635641169,691,1903,854,0,0.44724919093851134,0.2663839629915189,0.33389707658854795,7.774055480957031
2022,XGB_regressor_safra,16.140884432778762,0.6413047313690186,16.140884432778762,18.969808164511615,63,420,203,0,0.23684210526315788,0.13043478260869565,0.16822429906542055,14.885055541992188
2023,XGB_regressor_safra,5.294545440673828,0.0,5.294545440673828,6.607066313851828,16,7,27,0,0.37209302325581395,0.6956521739130435,0.48484848484848486,4.001293182373047
2005,XGB_regressor_safra,11.238744077384961,0.07349568605422974,11.238744077384961,14.360216649020794,578,902,1565,0,0.269715352309846,0.39054054054054055,0.31907259177477226,8.921249389648438
2006,XGB_regressor_safra,10.172037072949996,0.7565147876739502,10.172037072949996,13.394597184076714,1283,1780,3100,0,0.29272187999087385,0.4188703885079987,0.34461455815202796,7.54852294921875
2007,XGB_regressor_safra,9.617692610616668,-0.1518418788909912,9.617692610616668,12.706710189827277,4154,5017,8273,0,0.33427214935221694,0.4529495147748337,0.38466524678210945,7.055084228515625
2008,XGB_regressor_safra,12.497451695333584,0.34502339363098145,12.497451695333584,15.647412456869235,5398,19448,7114,0,0.43142583120204603,0.21725831119697336,0.2889876331709406,10.882469177246094
2009,XGB_regressor_safra,13.832493912010722,0.040614426136016846,13.832493912010722,18.245149336380248,8631,34699,6457,0,0.5720440084835631,0.19919224555735057,0.2954911157519942,10.835525512695312
2010,XGB_regressor_safra,10.265203085985952,0.5742152333259583,10.265203085985952,14.13998800279998,1715,2457,2832,0,0.37717176160105564,0.4110738255033557,0.39339373781396947,6.959831237792969
2011,XGB_regressor_safra,12.402241862225623,0.199870765209198,12.402241862225623,16.976872826826966,2031,4249,2718,0,0.42766898294377764,0.3234076433121019,0.3683017499319975,8.102157592773438
2012,XGB_regressor_safra,17.51375408879033,0.5241539478302002,17.51375408879033,23.577391510907958,103,90,347,0,0.2288888888888889,0.533678756476684,0.3203732503888025,15.043022155761719
2013,XGB_regressor_safra,10.51599320063374,0.3352511525154114,10.51599320063374,14.238810297546944,789,1881,758,0,0.5100193923723335,0.2955056179775281,0.374199668010434,7.4199676513671875
2014,XGB_regressor_safra,9.816546808058217,0.7060205936431885,9.816546808058217,13.587404169568423,519,1208,598,0,0.4646374216651746,0.3005211349160394,0.3649789029535865,6.3318328857421875
2015,XGB_regressor_safra,9.806724806643045,0.37903058528900146,9.806724806643045,12.874812626513028,658,687,1077,0,0.3792507204610951,0.48921933085501856,0.42727272727272725,7.612361907958984
2016,XGB_regressor_safra,13.076950252100836,-0.9918843507766724,13.076950252100836,17.261810872933314,539,611,1516,0,0.262287104622871,0.46869565217391307,0.3363494539781591,10.4993896484375
2017,XGB_regressor_safra,9.47452584067799,0.49335378408432007,9.47452584067799,12.597954955235295,638,1070,920,0,0.40949935815147626,0.373536299765808,0.3906919779546847,6.9450531005859375
2018,XGB_regressor_safra,6.929869022184206,0.6715627908706665,6.929869022184206,9.983652297032428,1071,1162,1063,0,0.5018744142455482,0.47962382445141066,0.4904969086329288,4.5728607177734375
2019,XGB_regressor_safra,15.947017470759526,0.39396047592163086,15.947017470759526,19.567476327465428,147,281,1087,0,0.11912479740680713,0.34345794392523366,0.1768953068592058,13.524200439453125
2020,XGB_regressor_safra,13.137344997185322,0.556796133518219,13.137344997185322,16.90128961394649,442,1377,601,0,0.42377756471716205,0.24299065420560748,0.3088749126484976,9.927398681640625
2021,XGB_regressor_safra,10.455980002188626,0.19140714406967163,10.455980002188626,13.39459635641169,691,1903,854,0,0.44724919093851134,0.2663839629915189,0.33389707658854795,7.774055480957031
2022,XGB_regressor_safra,16.140884432778762,0.6413047313690186,16.140884432778762,18.969808164511615,63,420,203,0,0.23684210526315788,0.13043478260869565,0.16822429906542055,14.885055541992188
2023,XGB_regressor_safra,5.294545440673828,0.0,5.294545440673828,6.607066313851828,16,7,27,0,0.37209302325581395,0.6956521739130435,0.48484848484848486,4.001293182373047
